title,description,descriptionHTML,summary,summaryHTML,installs,minInstalls,score,ratings,reviews,histogram,price,free,currency,sale,saleTime,originalPrice,saleText,offersIAP,inAppProductPrice,size,androidVersion,androidVersionText,developer,developerId,developerEmail,developerWebsite,developerAddress,privacyPolicy,developerInternalID,genre,genreId,icon,headerImage,screenshots,video,videoImage,contentRating,contentRatingDescription,adSupported,containsAds,released,updated,version,recentChanges,recentChangesHTML,editorsChoice,similarApps,moreByDeveloper,appId,url
Makeup Girls - Games for kids,"Girls Makeup Salon is a great game for a beauty salon makeover! 
Passionate for fashion, beauty, and style? Enjoy this creative makeup game with 
a huge selection of colorful lipsticks, eyeshadows blushes, and other makeup accessories, a variety of hair colors and hair accessories, and much more!

MakeUp Girls salon - Features:

- pick your favorite shade of makeup including different types of lipsticks, eyeliner, Powder, mascara, and eye-shadow.
- 6 different characters.
- Add necklaces, earrings, hair accessories, Outfits, dresses, and many more accessories.
- dress up your model in an evening dress or casual wear.
- Assist your girls to get the prettiest makeovers they ever got!


The game provides a fun, creative, and developing experience. It lets kids express their creativity, spark their imagination, improve their motor skills and enjoy the many colors, styles, and accessories available.

Girls Makeup Salon is brought to you by Pazu Games Ltd, the publisher of popular kids' games like Girls Hair Salon, Animal Doctor, and others, that are trusted by millions of parents worldwide.
Pazu games for kids are designed especially for children under the age of 10. It offers fun educational games for girls and boys to enjoy and experience.
We invite you to try out Pazu games for kids and toddlers for free and discover a wonderful brand for kids games, with a large arsenal of educational and learning games for girls and boys. Our games offer a variety of game mechanics adapted to the kids‚Äô age and capabilities.
Pazu games have no ads so the kids have no distractions while playing, no accidental ad clicks, and no external interferences.
For more information, visit our website: https://www.pazugames.com/","Girls Makeup Salon is a great game for a beauty salon makeover! <br>Passionate for fashion, beauty, and style? Enjoy this creative makeup game with <br>a huge selection of colorful lipsticks, eyeshadows blushes, and other makeup accessories, a variety of hair colors and hair accessories, and much more!<br><br>MakeUp Girls salon - Features:<br><br>- pick your favorite shade of makeup including different types of lipsticks, eyeliner, Powder, mascara, and eye-shadow.<br>- 6 different characters.<br>- Add necklaces, earrings, hair accessories, Outfits, dresses, and many more accessories.<br>- dress up your model in an evening dress or casual wear.<br>- Assist your girls to get the prettiest makeovers they ever got!<br><br><br>The game provides a fun, creative, and developing experience. It lets kids express their creativity, spark their imagination, improve their motor skills and enjoy the many colors, styles, and accessories available.<br><br>Girls Makeup Salon is brought to you by Pazu Games Ltd, the publisher of popular kids&#39; games like Girls Hair Salon, Animal Doctor, and others, that are trusted by millions of parents worldwide.<br>Pazu games for kids are designed especially for children under the age of 10. It offers fun educational games for girls and boys to enjoy and experience.<br>We invite you to try out Pazu games for kids and toddlers for free and discover a wonderful brand for kids games, with a large arsenal of educational and learning games for girls and boys. Our games offer a variety of game mechanics adapted to the kids‚Äô age and capabilities.<br>Pazu games have no ads so the kids have no distractions while playing, no accidental ad clicks, and no external interferences.<br>For more information, visit our website: https://www.pazugames.com/","Makeup Girls - a fashion, style & beauty salon makeover game for girls","Makeup Girls - a fashion, style &amp; beauty salon makeover game for girls","5,000,000+",5000000,4.072758,19447,2398,"[2697, 986, 1184, 1907, 12673]",0,True,USD,False,,,,True,$5.99 - $9.99 per item,31M,4.1,4.1 and up,Pazu Games,9063928225823989275,info@pazugames.com,http://pazugames.com,"Horesh Ha'Alonim 12
Ramat Yishai
30095
ISRAEL",http://pazugames.com/privacy-policy,9063928225823989275,Educational,GAME_EDUCATIONAL,https://play-lh.googleusercontent.com/w0ojXwk54Kr73YhiRAR_3_i4zeg-MFDsyRGWp0ac9Po14XiJD2kv1qXrNOToYeolRycC,https://play-lh.googleusercontent.com/mDOteo_HQTK3ogKKQpQ73YJnxvxFeW-FE0syLmkwfNdYduyx93M4tmy1-mvDGf-EVggh,"['https://play-lh.googleusercontent.com/eOQtVuImxP1y5QrBsfIw43DjOPgtzZCFtBHwf2NmxDiXqopgG3SHkVIz0sXJMK31-A', 'https://play-lh.googleusercontent.com/uhsC8esG3vcO1k21ZyADzqyOuEN8jVrU3FmYAlsclNxy5XKZQ7GQYT7L7GhuQGRcow', 'https://play-lh.googleusercontent.com/-OF2JPhHModVNUQuGmOQ3KdzC7vSt8ZGjKKeOS-P5j-pPdYTNTM8AQDD5h9HBL2HN2I', 'https://play-lh.googleusercontent.com/y6cQrneXY0YdtEg92iBN1GKnNUXTdhcEiSqq_NAevQFiHEGeIrrABzUjuTlY-ga0JJU', 'https://play-lh.googleusercontent.com/8WxKBF9SivLvCB4ki8L98xwqZytNYsoSAmRaqZi8I8Zt45gSBGhDUWBDpArxisgc7YY', 'https://play-lh.googleusercontent.com/1Cl_btfEZZh_6MHe-1fA7ZvQJBkZNQaTpbMsma7chLuD6x5yse3oIDZsNjQPd_UK0XDB', 'https://play-lh.googleusercontent.com/KwIeABzjiWNJm4EqjWopQnWUi53pZwD_aI6KdJXNG1FbOF29OTvKWnthFA6XZBgvDuE', 'https://play-lh.googleusercontent.com/1c-VluoOa-DCxRtsdohOAK0IjzSItUwsaNrbe17ZKm3_Y0HnaN5PG726VMjK-Ubo-A', 'https://play-lh.googleusercontent.com/GOI2C8x6z0mUhKKE2UOIAWlH4aLYvX80cdEXmMfPNIWuM_qW1ixV6tDnwviXd8S58UY', 'https://play-lh.googleusercontent.com/UHvoKm3QmkYAeFDSl0zZ6nmR596HJGYixsPY4xd1sRK3hAQmPIPTQFrGeSxJ6QXnsXo', 'https://play-lh.googleusercontent.com/oSdgaaJRmnsRKjcsnAND-a9s_GlxkoFSi6sGPzupa0Las9ZOQPoxp4vCjIQEntqPXd8', 'https://play-lh.googleusercontent.com/RG6v599rFbWq9FkuIqTjPK4flUPheedzWWh1xkIXQoI4U34V8u09vmN2lCDM5KYj-D0j', 'https://play-lh.googleusercontent.com/hITgCYcJNY5h23v7EiaRE1kxkcYBfwe-7oGJ0Yn18FP_rNfL_pZXGbNIPi7TmV9GJQEU', 'https://play-lh.googleusercontent.com/liNq9WZjK59AUSrx5Ez2ZNxbdFwA_Cp2lBEuwlw73kFKkRXVXRPalKC24uMs5Wyolg', 'https://play-lh.googleusercontent.com/L0PG7j7BQ-G0cFiNFwSB4ZDcft6v41Y0WDyNNgfqxhJtElp0horAQBc2S0wN5f32eA']",https://www.youtube.com/embed/KMYORkSfQ0I?ps=play&vq=large&rel=0&autohide=1&showinfo=0,https://play-lh.googleusercontent.com/mDOteo_HQTK3ogKKQpQ73YJnxvxFeW-FE0syLmkwfNdYduyx93M4tmy1-mvDGf-EVggh,Everyone,,,False,"Jan 22, 2012",1611222267,4.45,"A NEW UPDATE is available! Makeup Girls - Makeup & Dress-up games for kids:
New fresh graphics and UI.",A NEW UPDATE is available! Makeup Girls - Makeup &amp; Dress-up games for kids:<br>New fresh graphics and UI.,False,"['com.pazugames.makeupgirlsunicorn', 'com.pazugames.makeupgirlsprom', 'com.pazugames.unicorngirlshairsalon', 'com.pazugames.girlshairsalon', 'com.pazugames.nailsalon']",,co.touchapps.makeup_girls.lite,https://play.google.com/store/apps/details?id=co.touchapps.makeup_girls.lite&hl=en&gl=us
Old Me-simulate old face,"Old Me is is a fantastic free photo editor that can make your face look decades older. We use AI technology to add texture to the face and change hair color.Make transformation and oldify yourself in a few seconds. Mess with your friends and have fun with it!üòò

‚ò∫Ô∏è Choose a photo from the gallery or take a selfie. 
üòé Generate realistic senior face look when you are 20, 40 or 60 years older. Age your face and get aging skin and wrinkles so you look like your parent or grandparent!
üòúSave the aging video/photo to your gallery, or share it to popular social services such as Facebook, Twitter, Instagram, Whatsapp or Google Plus.
You can apply them on your photo to look old.

Note:This app is just for entertainment and not changing your face with exact age of older you choose. It's just an age filter not future telling app.

‚ú®Horoscope Forecast‚ú®
Set your zodiac sign in horoscope as default so as to get predictions for today, tomorrow, the week, the month and the year on your mobile phone.
 
üíè Love Compatibility
Is he or she shows up in your dream? Do you have a chance to fall in love? A professional analysis will give you a answer, and you'll never lose your true love.

üí°All zodiac signs horoscopeÔºöüí°
‚ôàAries (3/21 - 4/19)
‚ôâTaurus (4/20 - 5/20)
‚ôäGemini (5/21 - 6/21)
‚ôãCancer (6/22 - 7/22)
‚ôåLeo (7/23 - 8/22)
‚ôçVirgo (8/23 - 9/22)
‚ôéLibra (9/23 - 10/22)
‚ôèScorpio (10/23 - 11/22)
‚ôêSagittarius (11/23 - 12/21)
‚ôëCapricorn (12/22 - 1/19)
‚ôíAquarius (1/20 -2/18)
‚ôìPisces (2/19 - 3/20)

Test Master Test effect„ÄÇ

Download Old Me for free and see what you'll look like when you and your friends get old. Funny face changer to have enormous fun and make prank for your friends!

We offer some advanced features that need to be subscribed to. This is an auto-renewal subscription that includes a three-day free trial, which you can choose as needed.
If you subscribe to our app, we'll charge your Google Play account and charge a renewal fee within 24 hours of the end of the current period. 
After you subscribe, you can cancel your subscription at any time with Google Play settings.
If you don't want to subscribe to our app, you can still use the free feature.","Old Me is is a fantastic free photo editor that can make your face look decades older. We use AI technology to add texture to the face and change hair color.Make transformation and oldify yourself in a few seconds. Mess with your friends and have fun with it!üòò<br><br>‚ò∫Ô∏è Choose a photo from the gallery or take a selfie. <br>üòé Generate realistic senior face look when you are 20, 40 or 60 years older. Age your face and get aging skin and wrinkles so you look like your parent or grandparent!<br>üòúSave the aging video/photo to your gallery, or share it to popular social services such as Facebook, Twitter, Instagram, Whatsapp or Google Plus.<br>You can apply them on your photo to look old.<br><br>Note:This app is just for entertainment and not changing your face with exact age of older you choose. It&#39;s just an age filter not future telling app.<br><br>‚ú®Horoscope Forecast‚ú®<br>Set your zodiac sign in horoscope as default so as to get predictions for today, tomorrow, the week, the month and the year on your mobile phone.<br> <br>üíè Love Compatibility<br>Is he or she shows up in your dream? Do you have a chance to fall in love? A professional analysis will give you a answer, and you&#39;ll never lose your true love.<br><br>üí°All zodiac signs horoscopeÔºöüí°<br>‚ôàAries (3/21 - 4/19)<br>‚ôâTaurus (4/20 - 5/20)<br>‚ôäGemini (5/21 - 6/21)<br>‚ôãCancer (6/22 - 7/22)<br>‚ôåLeo (7/23 - 8/22)<br>‚ôçVirgo (8/23 - 9/22)<br>‚ôéLibra (9/23 - 10/22)<br>‚ôèScorpio (10/23 - 11/22)<br>‚ôêSagittarius (11/23 - 12/21)<br>‚ôëCapricorn (12/22 - 1/19)<br>‚ôíAquarius (1/20 -2/18)<br>‚ôìPisces (2/19 - 3/20)<br><br>Test Master Test effect„ÄÇ<br><br>Download Old Me for free and see what you&#39;ll look like when you and your friends get old. Funny face changer to have enormous fun and make prank for your friends!<br><br>We offer some advanced features that need to be subscribed to. This is an auto-renewal subscription that includes a three-day free trial, which you can choose as needed.<br>If you subscribe to our app, we&#39;ll charge your Google Play account and charge a renewal fee within 24 hours of the end of the current period. <br>After you subscribe, you can cancel your subscription at any time with Google Play settings.<br>If you don&#39;t want to subscribe to our app, you can still use the free feature.","How would you look when you are old , Grow old with just a few touches .","How would you look when you are old , Grow old with just a few touches .","1,000,000+",1000000,2.5053763,7117,1141,"[4095, 306, 114, 229, 2373]",0,True,USD,False,,,,True,$7.99 - $94.99 per item,51M,4.4,4.4 and up,happy.ai.app,happy.ai.app,happy.ai.app@outlook.com,http://www.huntingwind.com,hk,https://sites.google.com/view/happy-ai-team-privacy-policy,6803384502622525856,Lifestyle,LIFESTYLE,https://play-lh.googleusercontent.com/NzrE9KwfD2bXwecq7wcxSHeICuGG2fYZUvLFNOOBXV4IGVi6cEYLEUzgpY1Y690BqfM,https://play-lh.googleusercontent.com/GalXfaF01rj-1VDFQIvem5H2op0Pt8R0Nnipi461mTyXyDu1xjN5x5nxsSFK6c93Mws,"['https://play-lh.googleusercontent.com/wqL82WNFYM5pks3pf_n1gwActZ4eT7M_ue4lqlDajnkiGBTA9HeLVM7eZaKnJfKdjQ', 'https://play-lh.googleusercontent.com/tF93zcr-QgJNzQk4ER3BB7cxKFLFKbi8D26AsDcBzEyXWFJ2lk9FTH3LxNuADuHPokI', 'https://play-lh.googleusercontent.com/LzxTwCM9xtcr3y2b4YFUbfUYVPTH3XAGd2_yk_hSl9N4VFDNhaIYxSB_NXAqvTXXFg', 'https://play-lh.googleusercontent.com/P6dzT46E234bo_M7Gwlzr4m8BpcZzjqQVdCVCfbdcU6nOk_MDBApk50z8l0yNg5kygM', 'https://play-lh.googleusercontent.com/F83G5tbBdZLeIriX6y2C3JeXyFfLKKi44dosqbdDylfNVLdK3kpyBftExBAUsvMulS0', 'https://play-lh.googleusercontent.com/NMzWqdOqc-ehJ-gCmr9Nm7WEP6wEpb614kXk4wIeucCC6rq6Sdi9XHSmWAlJQKLkrHXh', 'https://play-lh.googleusercontent.com/VT3MJ8d3YkV0naGCSQjIxzELZmrSKdSahey0ms8G7YJQuGasLtp5bUUwQzKzlspLntw', 'https://play-lh.googleusercontent.com/j6cQVLrvU2dhWVuC7f6yox07c93U4KjL0KgFCnibfpMF42Xbjvgnylfhka2-tNk1LpQ', 'https://play-lh.googleusercontent.com/VKbO8uw3istvNBREob44D6ryRDMQ2pweET-LZK8umI83NMkUAnsomxqMLmoBXsg3TXc', 'https://play-lh.googleusercontent.com/57VMJ8TaFW44Knq5qwGPm9Ji5ZNykqrQeWBKzIvQ3eMnthxO0E8OdeHjLzRDh8230A', 'https://play-lh.googleusercontent.com/qHW5LpvjlQ4jqpGTm2UP0-CucYgR5L_4GnVS11SRKXu0r4K8PAJmLn3owezkA_K3Wg', 'https://play-lh.googleusercontent.com/0jdOqL1nlOK0TAt4MrSWDfSdOTLODUR3FsmmUvl3HnVyuz_oBjWzZkbo_XbCSEAL2sQ', 'https://play-lh.googleusercontent.com/4cBBEGvD6KGQJPh51UFuMQMJORlHEM5v2YkCymkwYUHHAw3MiMNZMxzKhUApV2M21-8', 'https://play-lh.googleusercontent.com/86YxXsvNYlxXbFfu-lY6LJ-ONyownLgMP-vt-PJsI3OBAR3pUKoc-ag6fUjnJTIWpFM', 'https://play-lh.googleusercontent.com/Z80qXOg2ZwJs5nwpVeGQrQuJazDEFIf2oLH7oI27GSRbrvfY2HYKNQVZnhYM4adC1f8', 'https://play-lh.googleusercontent.com/8o-P_I0Jb3IEmxc1Nukhc9JG-V29cyo94WB7maFn0twY5n8uGqEMqKnF6akDwu294Fg', 'https://play-lh.googleusercontent.com/O_OmBnbsqqrTr0jL-Mtc_YcKwVxcb4WewMvTfwp2VevGquvVur1aBP6sO72aFwN8KhDo', 'https://play-lh.googleusercontent.com/6IpNzlWR91cPxFFaSeEpuGz_nBwrmb31xI98uiDtMOueurGlSmOit2FdpaIK6MOX54Y', 'https://play-lh.googleusercontent.com/dXDiWAp8sueAih7RujHDzsnO-0DcahTghh36FMt88LScD3lNTeZ4kY-K_wjKxE9OEbax', 'https://play-lh.googleusercontent.com/0qccUxAb55KF9tZn2RMR2UB5QGPcgAIzHHI0drwTZIlmFqrKxc78OIcQaDXqgco2zw', 'https://play-lh.googleusercontent.com/BOjeo2jh0PKVZPbxh243hsk4J0GCKTKUq5vp9RSmjWSPBKJEoz7NHlpVmZv_K13kyU8', 'https://play-lh.googleusercontent.com/vBrf4REvetcbyZI7fgwwVUOYMM6nBPSYm9I3Y5AO85hP4Wu_kXPbispIoea3NeGUg3E', 'https://play-lh.googleusercontent.com/hwj86ttWcL5ZCO6PcEKRjqLj9H6ea3HsJPEgIll4rwIQCWWMRfVWeebUcW6GF4a-q9-j', 'https://play-lh.googleusercontent.com/9hLZi3FaqikdlXQ2Uih6eBbRjWYHyUhf75R6N_S3usXKNskDbAn3PhkM_P-5FgSnWf4']",,,Everyone,,True,True,"Mar 28, 2019",1638866613,1.6.3,fix bug,fix bug,False,"['com.scoompa.facechanger2', 'sweet.snapface.facefilter', 'com.life.palm', 'com.boo.bmoji', 'com.davexp.dollify']","['com.best.doodle', 'com.game.brain.erase.del', 'com.art.spray.paint', 'com.game.brain.draw', 'com.draw.now.drawit']",com.old.me,https://play.google.com/store/apps/details?id=com.old.me&hl=en&gl=us
Animal Hair Salon Australia,"Crazy Animal Hair Salon goes to sunny Australia! Pack your hairstyling tools and get ready for new virtual pet fashion makeovers and animal beauty salon adventures! Meet the cute pet beauty salon clients: leopard Amy, baby koala Maggie, kangaroo Sydney and snake Crystal. Help your new pet friends express themselves through style with crazy haircuts, beautiful makeup and fashionable outfits in the best pet beauty salon game for girls!

<b>STYLE LEOPARD AMY </b>
World's most fashionable cat girl Amy needs a new hair and style makeover! Create amazing hairstyles for her! Do Amy‚Äôs makeup and change her eye color. Try on latest fashion trends with leopard Amy!

<b>TAKE CARE OF KOALA MAGGIE</b>
Maggie is the sweetest baby koala! Give baby koala Maggie a bubble bath and dress her up in cute girly clothes. Create adorable hairstyles for Maggie and feed her if she‚Äôs hungry!

<b>VLOG WITH SNAKE CRYSTAL</b>
Snake Crystal is a popular pet beauty vlogger. Take care of snake Crystal‚Äôs hair and apply a hair mask. Style her hair: create curls, waves and braids! Choose from even more trendy hair colors! Dress up Crystal in trendy snake clothes and apply flawless makeup!

<b>GET TRENDY WITH KANGAROO SYDNEY</b>
Kangaroo Sydney is a new Animal Hair Salon client! Do makeup and design a super cute outfit for her. Cut, curl, wash and style Sydney‚Äôs hair to find the best haircut for her!

Every Animal Hair Salon girl game has a unique location - jungle, rock show, Santa‚Äôs village and now Australia! In Animal Hair Salon virtual pet care games, kids can learn about and play with animals from all around the world. They may look different but they all share the same passion for freedom and fashion! Enjoy endless creativity, style makeovers, hair care fun and fashion dress ups in this virtual pet care and beauty salon game for kids!

- - - - - - - - - - - - - - - - - - - - - - - - 

About TutoTOONS Games for Kids
Crafted and play-tested with kids and toddlers, TutoTOONS games foster kids‚Äô creativity and help them learn while playing the games they love. Fun and educational TutoTOONS games strive to bring meaningful and safe mobile experiences to millions of children worldwide.

Important Message to Parents
This app is free to download and play, but there may be certain in-game items that can be purchased for real money. By downloading this app you agree to TutoTOONS Privacy Policy and Terms of Use.

Want to report an issue or share suggestions? Contact us at support@tutotoons.com

Discover More Fun with TutoTOONS!
¬∑ Subscribe to our YouTube channel: https://www.youtube.com/c/tutotoonsofficial
¬∑ Learn more about us: https://tutotoons.com
¬∑ Read our blog: https://blog.tutotoons.com
¬∑ Like us on Facebook: https://www.facebook.com/tutotoonsgames
¬∑ Follow us on Instagram: https://www.instagram.com/tutotoons/","Crazy Animal Hair Salon goes to sunny Australia! Pack your hairstyling tools and get ready for new virtual pet fashion makeovers and animal beauty salon adventures! Meet the cute pet beauty salon clients: leopard Amy, baby koala Maggie, kangaroo Sydney and snake Crystal. Help your new pet friends express themselves through style with crazy haircuts, beautiful makeup and fashionable outfits in the best pet beauty salon game for girls!<br><br><b>STYLE LEOPARD AMY </b><br>World&#39;s most fashionable cat girl Amy needs a new hair and style makeover! Create amazing hairstyles for her! Do Amy‚Äôs makeup and change her eye color. Try on latest fashion trends with leopard Amy!<br><br><b>TAKE CARE OF KOALA MAGGIE</b><br>Maggie is the sweetest baby koala! Give baby koala Maggie a bubble bath and dress her up in cute girly clothes. Create adorable hairstyles for Maggie and feed her if she‚Äôs hungry!<br><br><b>VLOG WITH SNAKE CRYSTAL</b><br>Snake Crystal is a popular pet beauty vlogger. Take care of snake Crystal‚Äôs hair and apply a hair mask. Style her hair: create curls, waves and braids! Choose from even more trendy hair colors! Dress up Crystal in trendy snake clothes and apply flawless makeup!<br><br><b>GET TRENDY WITH KANGAROO SYDNEY</b><br>Kangaroo Sydney is a new Animal Hair Salon client! Do makeup and design a super cute outfit for her. Cut, curl, wash and style Sydney‚Äôs hair to find the best haircut for her!<br><br>Every Animal Hair Salon girl game has a unique location - jungle, rock show, Santa‚Äôs village and now Australia! In Animal Hair Salon virtual pet care games, kids can learn about and play with animals from all around the world. They may look different but they all share the same passion for freedom and fashion! Enjoy endless creativity, style makeovers, hair care fun and fashion dress ups in this virtual pet care and beauty salon game for kids!<br><br>- - - - - - - - - - - - - - - - - - - - - - - - <br><br>About TutoTOONS Games for Kids<br>Crafted and play-tested with kids and toddlers, TutoTOONS games foster kids‚Äô creativity and help them learn while playing the games they love. Fun and educational TutoTOONS games strive to bring meaningful and safe mobile experiences to millions of children worldwide.<br><br>Important Message to Parents<br>This app is free to download and play, but there may be certain in-game items that can be purchased for real money. By downloading this app you agree to TutoTOONS Privacy Policy and Terms of Use.<br><br>Want to report an issue or share suggestions? Contact us at support@tutotoons.com<br><br>Discover More Fun with TutoTOONS!<br>¬∑ Subscribe to our YouTube channel: https://www.youtube.com/c/tutotoonsofficial<br>¬∑ Learn more about us: https://tutotoons.com<br>¬∑ Read our blog: https://blog.tutotoons.com<br>¬∑ Like us on Facebook: https://www.facebook.com/tutotoonsgames<br>¬∑ Follow us on Instagram: https://www.instagram.com/tutotoons/",Create hairstyles & style outfits in this pet beauty salon game for girls!,Create hairstyles &amp; style outfits in this pet beauty salon game for girls!,"10,000,000+",10000000,3.859813,39396,1871,"[7436, 1836, 3019, 3606, 23499]",0,True,USD,False,,,,True,$2.99 - $7.99 per item,86M,4.4,4.4 and up,TutoTOONS,6493980387780624296,support@tutotoons.com,http://www.tutotoons.com,"Summit House
4-5 Mitchell Street
Edinburgh
EH6 7BD
United Kingdom",https://tutotoons.com/privacy_policy/,6493980387780624296,Educational,GAME_EDUCATIONAL,https://play-lh.googleusercontent.com/5ndd3qTjdOiw317l-QeXKCOspAXFZAEZ6QoUKSd9_NWKVE_4TmhqCMvV3TE-5IftIzs,https://play-lh.googleusercontent.com/WWeKFaXK0rd8sBCz5yPzT6eNI3vG21XXGA5P0H9hWK9VnY1znEPoSAkYp-o6I7pM5SM,"['https://play-lh.googleusercontent.com/ZSiYf4KxOBVQKMBom5-kMYFoy6h8L_yI6HLqDVBaUcRis1qFJ9wGwfuh9uWhN-mau6M', 'https://play-lh.googleusercontent.com/dLOqwm8r3DdFAf2uo1LzcMcpbAyt_shqeiN9XoXyiukFvEeo_9DPnQ4pjAl5S5fzKA', 'https://play-lh.googleusercontent.com/07z4KALs0D9L7ffoTcPZF_iFiLkG-HVlxHdb_7LOMexRmVO9jTkRu3kV8GxLhd3CD8Vj', 'https://play-lh.googleusercontent.com/oVNIEes6ddvgpb1o-lgfdsfA1bSxYEzzyWKuT1hJqzuIOEEMUsi1AEzLZughyYC7_6k', 'https://play-lh.googleusercontent.com/h6FdaPMmhKXmmXI9fGEdplUl8AR1Vkx4PXZQ9e1SZCCpJgU_04wqIq-pVINpAFfM-pI', 'https://play-lh.googleusercontent.com/qUDl_16405xmAtqBhRIbuFrTt7v3c7k8AtBta9vu3qfTYPq-rVpnK0TtARvVa7DoSO4m', 'https://play-lh.googleusercontent.com/CmAOcrSbRU29C_LVZGSnroVyodDDROLBJ9yGaVn_0Yl1UJQo7uagZ5G07m8TiSrrYw', 'https://play-lh.googleusercontent.com/cMrThgXM2wIwUFeHRPcZqTTST0z3qx3JDCs9WA9jyHRWGHyvFcNAlf7Nhu0GUnpOYrU', 'https://play-lh.googleusercontent.com/AiJLZ8CUqtFr6sNbIX9WB3v-WUembWV70qUpV5GGlxJu5cgjMtjYCgC087On-IrFsw', 'https://play-lh.googleusercontent.com/CnP4adlAW0HmOCJ0Q28pklqRD9bS-7nQ_Ye4t1rsCiJBNqne36_cbGg2mTh99OeWrdw', 'https://play-lh.googleusercontent.com/ZJKDAsihSLEP6bTPP38xHoUspiTSASzlCYAmruT4w6uHHHYIrsPdZNGQ_K2Dz_jUA5M', 'https://play-lh.googleusercontent.com/uCf9No30fYPIgiy28NSB9g-AOeq2-k0SHr2b7-0BX6pQyB2DOWKdEYe5gtBITc8hcR4', 'https://play-lh.googleusercontent.com/pXVpozULahoUQPSgEikcMZiOyi0nOTZoQEA-BzIskgvUlXg9OAKjAw5ecNr3ahOo29w', 'https://play-lh.googleusercontent.com/T76MHB7eUQr1PCnbaZJlqoIi0KXVMGRAq1ZcxWGTy1ZaFTWJr6TwKz3kO5OvR73UrD4', 'https://play-lh.googleusercontent.com/9zwW9lMJp8FJIdE9_5VthWLBCVYs6OvrvlSd6d6JdB7DreEO_g_XjW0pzwJ-UAurQcjV', 'https://play-lh.googleusercontent.com/6-b-_Qnr88G20LU_pSpl_Pu4gsarFSD-NRhkYxY8_4bN8gjhffa5cSrMNsNRd236vQE', 'https://play-lh.googleusercontent.com/V0Yga8UZ2KJYkAa0GCJDz2O_OtjZk-8_UgIHIw5ogazbPiMYiMw4i1ng1L_kqNF_XV8', 'https://play-lh.googleusercontent.com/YEbgH_M1r_PhUTKHtF7ce-NLTz6a8_ACI9HO8QwNGGymIn-LgRZac4aj0SEZn-sFXK0', 'https://play-lh.googleusercontent.com/hS1R6CvzKFI4t58kS7Bg9afl1RB2TEOLYPvskDqNZ6t3B6o74n5tZPfLhYD5rhZaCng', 'https://play-lh.googleusercontent.com/torO1cIFclqwLpz96ybeZGZbIsxU_nOSEPeDAjAOYbAUK3sSg4sI1UdhyH6WZRcGmQ', 'https://play-lh.googleusercontent.com/Y6GjauIy4sYBo3tla-3_CfxpkW_PEwUms3eKC_160Iv0RgDDl9pMcer9TxwjmElJNg', 'https://play-lh.googleusercontent.com/2Kh40qKNOXUhgGhDC-hr3SrvTVyJdvD98HSM0D41Z3e6zUkoK2J40f0l7-_JcCtphuyy', 'https://play-lh.googleusercontent.com/1dIC-8QB8RNsV6aiAMNymuVIJIEvB4wNE7XAd4YMF4eZpkuKwHVngqE_6R6OjZNjzzA', 'https://play-lh.googleusercontent.com/caVDx-GmtPBhkJhiVFKMHco8Qnr--l1wtQn9tdtsFf1Geh2k8HswpdJjPlAIjauc1tI']",https://www.youtube.com/embed/J7Fx82soGWc?ps=play&vq=large&rel=0&autohide=1&showinfo=0,https://play-lh.googleusercontent.com/WWeKFaXK0rd8sBCz5yPzT6eNI3vG21XXGA5P0H9hWK9VnY1znEPoSAkYp-o6I7pM5SM,Everyone,,True,True,"Jan 2, 2018",1631626960,8.0.10017,"New fun game features for kids.
Even cuter characters.
Improved gameplay.
Smoother gaming experience.
Bug fixes.
And more fun for girls and boys!

If you have any questions, email us at support@tutotoons.com. We‚Äôll be happy to help you!","New fun game features for kids.<br>Even cuter characters.<br>Improved gameplay.<br>Smoother gaming experience.<br>Bug fixes.<br>And more fun for girls and boys!<br><br>If you have any questions, email us at support@tutotoons.com. We‚Äôll be happy to help you!",False,"['com.tutotoons.app.amysanimalhairsalon.free', 'com.tutotoons.app.jungleanimalhairsalon2.free', 'com.tutotoons.app.candylockshairsalon.free', 'air.com.tutotoons.app.babyjungleanimalhairsalon.free', 'air.com.tutotoons.app.animalhairsalon2jungle.free']",,com.tutotoons.app.animalhairsalonaustralia.free,https://play.google.com/store/apps/details?id=com.tutotoons.app.animalhairsalonaustralia.free&hl=en&gl=us
Barbie Dreamhouse Adventures,"Create your very own Barbie DreamHouse experience! You can design every room. 
Meet my BFFs, my puppies and Blissa! Join us for a bunch of fun activities in the DreamHouse: baking, cooking, dancing, makeovers, design, fashion or epic pool parties! Go out and explore Malibu with my pink convertible for even more fun activities. Plus, dress me and my friends up in fashion-forward looks to get picture ready! Follow us on exciting adventures in the Dreamhouse where anything is possible! 

LET'S MOVE IN
Help me design every room with wonderful wallpapers and dazzling decorations. Make it your own Dreamhouse! Ready, set, style!

THE COOLEST FRIENDS
Meet my best friends: Barbie ""Brooklyn"" Roberts, Renee, a sports fanatic; Daisy, a talented DJ; Teresa, a science-lover; Nikki, an aspiring fashion designer and the one-and-only Ken. Plus, my fun-loving sisters: Skipper, Stacie and Chelsea! Even my parents, Mr. and Mrs. Roberts are joining in on the adventure! 

FOODIES
Why don‚Äôt you join me in my awesome kitchen? There are so many delicious recipes to cook! Get baking with Skipper and post your tasty recipes on BarbieGram for everyone to see! Mmm‚Ä¶ Are those cupcakes I smell?! 

DRESS UP
Got any fashion tips? There are so many outfits to choose from! Dress-up in beautiful dresses or dress-down in super comfy pj‚Äôs, there‚Äôs an outfit for everyone. Ask Nikki for some fashion advice to have the coolest outfit! 

HAIRSTYLES 
Get ready for a makeover! There‚Äôs a hair salon in the Dreamhouse and you can design tons of different hairstyles! Have a girl‚Äôs makeover day with Teresa and check out all the cool accessories you can add to your new look! 

TIME FOR SOME PAMPERING
Take out the pink convertible and check out the Malibu Nail Spa! Bring along Renee and make it a girl‚Äôs day out! Create your own nail design with so many colors, patterns and stickers to choose from!

SUMMER TIME
OMG! Malibu Beach is finally open! Dive, swim, grill, lounge or build a sandcastle? You can do it all! Even the puppies are allowed on the beach! Ride the Malibu waves with Chelsea and Stacie and decide who is the ultimate surf champion in an awesome mini game. You can also chill out at the Dreamhouse pool while Ken throws one of his legendary pool parties! 

PRINCESS ADVENTURE
You are cordially invited to a special event in Malibu: A Royal Ball at the Floravian Castle! Get my friends and sisters princess-ready with royal hairstyle and gowns to become the queen of the ball!

SUBSCRIPTION DETAILS
- This app offers monthly subscriptions
- Users may be offered a free trial of the subscription 
- One free trial per Google account on new subscriptions only 
- Users will need to opt-in to a subscription in order to accept the trial period and will have the right to opt-out at any time during the trial period. Users will be automatically charged after the trial period if they haven't opted out.
- Subscription automatically renews unless auto-renew is turned off before the end of the current period
- Auto-renewal of your subscription can be canceled anytime by going to the Google Account Settings
-You can cancel your subscription at any time, but please note that you will not get a refund for any remaining period of a subscription

PRIVACY & ADVERTISING
Budge Studios‚Ñ¢ takes children's privacy seriously and ensures that its apps are compliant with privacy laws. This application has received the ‚ÄúESRB Privacy Certified Kids‚Äô Privacy Seal‚Äù. Read our privacy policy at: https://budgestudios.com/en/legal/privacy-policy/ or email our Data Protection Officer at: privacy@budgestudios.ca

An internet connection may be required to use this app

END-USER LICENSE AGREEMENT
https://budgestudios.com/en/legal-embed/eula/

HAVE QUESTIONS?
We always welcome your questions, suggestions and comments. Contact us 24/7 at support@budgestudios.ca

BUDGE and BUDGE STUDIOS are trademarks of Budge Studios Inc.

Barbie Dreamhouse Adventures ¬© 2018-2021 Budge Studios Inc. All Rights Reserved.","Create your very own Barbie DreamHouse experience! You can design every room. <br>Meet my BFFs, my puppies and Blissa! Join us for a bunch of fun activities in the DreamHouse: baking, cooking, dancing, makeovers, design, fashion or epic pool parties! Go out and explore Malibu with my pink convertible for even more fun activities. Plus, dress me and my friends up in fashion-forward looks to get picture ready! Follow us on exciting adventures in the Dreamhouse where anything is possible! <br><br>LET&#39;S MOVE IN<br>Help me design every room with wonderful wallpapers and dazzling decorations. Make it your own Dreamhouse! Ready, set, style!<br><br>THE COOLEST FRIENDS<br>Meet my best friends: Barbie &quot;Brooklyn&quot; Roberts, Renee, a sports fanatic; Daisy, a talented DJ; Teresa, a science-lover; Nikki, an aspiring fashion designer and the one-and-only Ken. Plus, my fun-loving sisters: Skipper, Stacie and Chelsea! Even my parents, Mr. and Mrs. Roberts are joining in on the adventure! <br><br>FOODIES<br>Why don‚Äôt you join me in my awesome kitchen? There are so many delicious recipes to cook! Get baking with Skipper and post your tasty recipes on BarbieGram for everyone to see! Mmm‚Ä¶ Are those cupcakes I smell?! <br><br>DRESS UP<br>Got any fashion tips? There are so many outfits to choose from! Dress-up in beautiful dresses or dress-down in super comfy pj‚Äôs, there‚Äôs an outfit for everyone. Ask Nikki for some fashion advice to have the coolest outfit! <br><br>HAIRSTYLES <br>Get ready for a makeover! There‚Äôs a hair salon in the Dreamhouse and you can design tons of different hairstyles! Have a girl‚Äôs makeover day with Teresa and check out all the cool accessories you can add to your new look! <br><br>TIME FOR SOME PAMPERING<br>Take out the pink convertible and check out the Malibu Nail Spa! Bring along Renee and make it a girl‚Äôs day out! Create your own nail design with so many colors, patterns and stickers to choose from!<br><br>SUMMER TIME<br>OMG! Malibu Beach is finally open! Dive, swim, grill, lounge or build a sandcastle? You can do it all! Even the puppies are allowed on the beach! Ride the Malibu waves with Chelsea and Stacie and decide who is the ultimate surf champion in an awesome mini game. You can also chill out at the Dreamhouse pool while Ken throws one of his legendary pool parties! <br><br>PRINCESS ADVENTURE<br>You are cordially invited to a special event in Malibu: A Royal Ball at the Floravian Castle! Get my friends and sisters princess-ready with royal hairstyle and gowns to become the queen of the ball!<br><br>SUBSCRIPTION DETAILS<br>- This app offers monthly subscriptions<br>- Users may be offered a free trial of the subscription <br>- One free trial per Google account on new subscriptions only <br>- Users will need to opt-in to a subscription in order to accept the trial period and will have the right to opt-out at any time during the trial period. Users will be automatically charged after the trial period if they haven&#39;t opted out.<br>- Subscription automatically renews unless auto-renew is turned off before the end of the current period<br>- Auto-renewal of your subscription can be canceled anytime by going to the Google Account Settings<br>-You can cancel your subscription at any time, but please note that you will not get a refund for any remaining period of a subscription<br><br>PRIVACY &amp; ADVERTISING<br>Budge Studios‚Ñ¢ takes children&#39;s privacy seriously and ensures that its apps are compliant with privacy laws. This application has received the ‚ÄúESRB Privacy Certified Kids‚Äô Privacy Seal‚Äù. Read our privacy policy at: https://budgestudios.com/en/legal/privacy-policy/ or email our Data Protection Officer at: privacy@budgestudios.ca<br><br>An internet connection may be required to use this app<br><br>END-USER LICENSE AGREEMENT<br>https://budgestudios.com/en/legal-embed/eula/<br><br>HAVE QUESTIONS?<br>We always welcome your questions, suggestions and comments. Contact us 24/7 at support@budgestudios.ca<br><br>BUDGE and BUDGE STUDIOS are trademarks of Budge Studios Inc.<br><br>Barbie Dreamhouse Adventures ¬© 2018-2021 Budge Studios Inc. All Rights Reserved.","The ultimate Barbie‚Ñ¢ experience! House design, fashion, cooking, dancing, & fun!","The ultimate Barbie‚Ñ¢ experience! House design, fashion, cooking, dancing, &amp; fun!","50,000,000+",50000000,4.156655,914074,21126,"[125529, 30577, 47572, 81821, 628575]",0,True,USD,False,,,,True,$1.49 - $39.99 per item,61M,4.4,4.4 and up,Budge Studios,7489594886728593506,support@budgestudios.ca,http://www.budgestudios.com,"5455 De Gaspe Ave
Suite # 540
Montreal, Quebec, Canada
H2T 3B3",https://budgestudios.com/en/legal/privacy-policy/,7489594886728593506,Simulation,GAME_SIMULATION,https://play-lh.googleusercontent.com/9pkO8_wQlutDqCg-OvvftF8lsEO3NQ-hUBYZ2bKt9Xj5ZmjLJDgGdMZne1CmOr2JwWU,https://play-lh.googleusercontent.com/7gX23gTtxQrfbazCZ9focecn5tugDMKGJdXib76cTvIvjJyhoYDiJM8QWJ_iAvaYr-Qb,"['https://play-lh.googleusercontent.com/Kw0rii9YGvjqGupfRrKgqwPCthdl4bjUsmMQmRH40CkVVJIFXOz-WsQovLiWd_QjZw', 'https://play-lh.googleusercontent.com/4sYFA9sV2X6eoijtlrPS5lhChezKqyCZgQk4BSoYqXK3L78hapW4vFNcz_DmHWI9Vg', 'https://play-lh.googleusercontent.com/HIkaQC8U662c2iIMFWEJWaIwMOfsX--LVSwTSdWmohvasBhBqb9d2xMWbm3YEoL1-sI', 'https://play-lh.googleusercontent.com/WnbOeja9p7--Ev2buQ4HOKFWygqPTRfdZBNH2iRAo57UtOK9fnzMa2q_JNtZhdDx2ls', 'https://play-lh.googleusercontent.com/ruMV9Psw_c21jv6NChyq2eq2MkUAIjzTzA2jVcq_zAieoCVQHHw1U8Y8UjW_jkxaQno', 'https://play-lh.googleusercontent.com/5U2oL78TesNujPbAnPJlwwDaFSmUG9op9xeRl3s3TO5_RJNK4foqeQ_d5m3vytweIsXd', 'https://play-lh.googleusercontent.com/oKT7SzrGN7DwlIOD1Pa4KQW4ZUokm5LZ0_KOhJHu_ao_zvZQHTySgaz0Ivi4OrNOLQ', 'https://play-lh.googleusercontent.com/Lm_rzpSHLYz29Pfiu1kgK0sju2hw2JNp077pO6UwUZngJ3fnb0RO3HAgW9u0lXr7XVE', 'https://play-lh.googleusercontent.com/JIHv8NWTrG2HNmoCTyNT3tkCuzX0bexlAqSDH3_IXlhxNERDSOoXTylVcGG_S7Yq-zo', 'https://play-lh.googleusercontent.com/FwstwT5umJNow7pRiPqtTN-NxSP4pcRfrXhQSzanWtg1Tg_pNjzIVCByZEcnr77oJOXe', 'https://play-lh.googleusercontent.com/m5QxupNaphZy8YXjvbeMFh9MJfIap7VzrxaMg8wnq0se-Y-KxKEXZG_MHf9TyIz-f9E', 'https://play-lh.googleusercontent.com/sMp0u4uE_zzbDtwJavztIWdSHlXr27M_RdjeRK-WweXypszeFxcOWAC4EqxQuLMHJc0l', 'https://play-lh.googleusercontent.com/zH3JQml7UC89aT2DGuD2TVgoEOE655bDrxZLwTaX1nv3hJX4zshQaFYpa38kQ4YeZu4', 'https://play-lh.googleusercontent.com/pTvMcYPvI-mKmRnUJvepZC8wALQ9ycoIDF4jFmwz-mqkTg8knu-4G1CUUpq4d9uUvg', 'https://play-lh.googleusercontent.com/Kj_tzMRCzzGmrZTYFWkAG-bznyG7f7UvsCygayFe09rR1brtojYHU3oeGwKhoo-w59M', 'https://play-lh.googleusercontent.com/K-5dHmwbuOfmXmcLD9eEP_cbP_kJtf_3BYkkYn5-MKCWgRJ5UvKLdDDSoxrUpi_ZtHjg', 'https://play-lh.googleusercontent.com/GrljTsPtDYWQWfNgCNYLp0grQHQTll6yfwJpV6Ymo0cIUXl7JrAa0bCox9Zn-k_JKiM', 'https://play-lh.googleusercontent.com/0x6-L1mU7l-oP9zHensYLeP9iyEGC-lz9PgqRq8UeF28Sp3MIN1huUGsr0ZIzSGDMacr', 'https://play-lh.googleusercontent.com/PJl4N6p1tszCWt016kD92g7ikk9LF4cYdQ5p7LPphx03SrtTXPepf9JAo_XjHezb82xt', 'https://play-lh.googleusercontent.com/e4dUBMaN-McJSQCq6RsPpmgreFvQ8vze8HeyTuG8A1rFDtw_E1YY-BOdcS6mjg5KaNg', 'https://play-lh.googleusercontent.com/whHlUlmZvjV-YCeETS6lwL0iQRSKsSf3SBz2sTsdafuAYe0Nh780nLU9ot_k4yFi7HQ']",https://www.youtube.com/embed/046NPv3CzV8?ps=play&vq=large&rel=0&autohide=1&showinfo=0,https://play-lh.googleusercontent.com/7gX23gTtxQrfbazCZ9focecn5tugDMKGJdXib76cTvIvjJyhoYDiJM8QWJ_iAvaYr-Qb,Everyone,,True,True,"Sep 11, 2018",1638918367,2021.10.0,"**HOLIDAY UPDATE**
It's winter time in Malibu! We‚Äôve got everything stocked up to make the DreamHouse looking festive this holiday season! Come and join us in the winter celebrations!
NEW WINTER FASHIONS - Come find a new fabulous winter outfit in the fashion store
HOLIDAY DECORATIONS - Decorate your DreamHouse just in time for the holidays with new items in the decoration store!
NEW ARCADE GAME - A new games has been added! Come check it out.",**HOLIDAY UPDATE**<br>It&#39;s winter time in Malibu! We‚Äôve got everything stocked up to make the DreamHouse looking festive this holiday season! Come and join us in the winter celebrations!<br>NEW WINTER FASHIONS - Come find a new fabulous winter outfit in the fashion store<br>HOLIDAY DECORATIONS - Decorate your DreamHouse just in time for the holidays with new items in the decoration store!<br>NEW ARCADE GAME - A new games has been added! Come check it out.,False,"['com.tocaboca.tocalifeworld', 'mytown.friendsclub', 'mytown.hauntedhouse.free', 'mytown.home', 'com.tabtale.babytwins']",,com.budgestudios.googleplay.BarbieDreamhouse,https://play.google.com/store/apps/details?id=com.budgestudios.googleplay.BarbieDreamhouse&hl=en&gl=us
Hot Wheels Unlimited,"Buckle up! Get ready to blast full throttle around Hot Wheels‚Ñ¢ Islands! We‚Äôre all about awesome cars, fun racing games, crazy challenges, and building the coolest race tracks around. Head on over to Hot Wheels‚Ñ¢ City to test your skills with fun puzzle or car racing challenges. Race solo or compete against friends! Start your engines, this is going to be an awesome ride! 

BUILD ‚Äì Fuel your imagination with the best Hot Wheels‚Ñ¢ Track Builder on mobile! Bring to life the craziest stunt courses full of loops,  jumps, boosters and epic ramps. Dare to make your racetracks full of monstrous Nemeses? Clash with the Gorilla‚Äôs stomp or Shark‚Äôs chomp! These creatures are sure to add a twist to your tracks! Ready, set, build!

RACE ‚Äì Race your own mega-tracks! Racing is super fun and easy: use your finger to steer and drift along the racetrack! Take on epic stunts, daring jumps and twisted loops. Want more speed? Smash that Boost button to go full throttle in the most epic of racing games. 

CHALLENGE ‚Äì Test your skills with a trunk-load of awesome challenges! If you are a puzzle fan, you are in for a treat with our track building puzzles. If you prefer fast driving and drifting, racing challenges are made for you. Then it‚Äôs simple: win a challenge to get a Red Wheel! Collect enough of them to unlock a rad new car or Monster Truck and cool track pieces. Challenge Accepted‚Ñ¢!

COLLECT ‚Äì Build your collection of legendary Hot Wheels‚Ñ¢, like Rodger Dodger‚Ñ¢, Bone Shaker‚Ñ¢, Night Shifter‚Ñ¢ or spectacular Monster Trucks. You can collect them all in the ultimate garage!

COMPETE ‚Äì Feel the need to show off your daring new track? Start your engines to drift and race against your friends in the 2-player mode. This is high speed fun at its best!

POWER UPS ‚Äì Competition is fierce on the racetracks as you face off against 5 rivals! To help you win, there are cool power ups: leave sticky oil on the track for your rivals, shield yourself against attacks, or get a boost with a rocket or nitro!

Go bigger, better & faster with Hot Wheels Unlimited‚Ñ¢! Fun and free arcade style car racing games for boys and girls and kids of all ages. Play with Monster trucks, karts, drag racers, muscle cars & more!

SUBSCRIPTION DETAILS
- This app may offer monthly and yearly subscriptions
- Payment will be charged to your Apple ID Account at confirmation of purchase
- Subscription automatically renews unless auto-renew is turned off at least 24-hours before the end of the current period
- Subscriptions may be managed by the user and auto-renewal may be turned off by going to the user's Account Settings after purchase
- Your account will be charged for renewal within 24-hours prior to the end of the current period 
- You can cancel your subscription at any time, but please note that you will not get a refund for any remaining period of a subscription
- Users may be offered a free trial of the subscription
- One free trial per account, on new subscriptions only
- Any unused portion of a free trial period, if offered, will be forfeited when the user purchases a subscription

PRIVACY & ADVERTISING
Budge Studios takes children's privacy seriously and ensures that its apps are compliant with child privacy laws. This application has received the ‚ÄúESRB Privacy Certified Kids‚Äô Privacy Seal‚Äù. Read our privacy policy at: https://budgestudios.com/en/legal/privacy-policy/, or email our Data Protection Officer at: privacy@budgestudios.ca

END-USER LICENSE AGREEMENT
https://budgestudios.com/en/legal-embed/eula/

HAVE QUESTIONS? 
We always welcome your questions, suggestions and comments. Contact us 24/7 at support@budgestudios.ca 

HOT WHEELS and associated trademarks and trade dress are owned by, and used under license from, Mattel. ¬©2021 Mattel.

BUDGE and BUDGE STUDIOS are trademarks of Budge Studios Inc.

Hot Wheels Unlimited‚Ñ¢ ¬©2021 Budge Studios Inc. All Rights Reserved.","Buckle up! Get ready to blast full throttle around Hot Wheels‚Ñ¢ Islands! We‚Äôre all about awesome cars, fun racing games, crazy challenges, and building the coolest race tracks around. Head on over to Hot Wheels‚Ñ¢ City to test your skills with fun puzzle or car racing challenges. Race solo or compete against friends! Start your engines, this is going to be an awesome ride! <br><br>BUILD ‚Äì Fuel your imagination with the best Hot Wheels‚Ñ¢ Track Builder on mobile! Bring to life the craziest stunt courses full of loops,  jumps, boosters and epic ramps. Dare to make your racetracks full of monstrous Nemeses? Clash with the Gorilla‚Äôs stomp or Shark‚Äôs chomp! These creatures are sure to add a twist to your tracks! Ready, set, build!<br><br>RACE ‚Äì Race your own mega-tracks! Racing is super fun and easy: use your finger to steer and drift along the racetrack! Take on epic stunts, daring jumps and twisted loops. Want more speed? Smash that Boost button to go full throttle in the most epic of racing games. <br><br>CHALLENGE ‚Äì Test your skills with a trunk-load of awesome challenges! If you are a puzzle fan, you are in for a treat with our track building puzzles. If you prefer fast driving and drifting, racing challenges are made for you. Then it‚Äôs simple: win a challenge to get a Red Wheel! Collect enough of them to unlock a rad new car or Monster Truck and cool track pieces. Challenge Accepted‚Ñ¢!<br><br>COLLECT ‚Äì Build your collection of legendary Hot Wheels‚Ñ¢, like Rodger Dodger‚Ñ¢, Bone Shaker‚Ñ¢, Night Shifter‚Ñ¢ or spectacular Monster Trucks. You can collect them all in the ultimate garage!<br><br>COMPETE ‚Äì Feel the need to show off your daring new track? Start your engines to drift and race against your friends in the 2-player mode. This is high speed fun at its best!<br><br>POWER UPS ‚Äì Competition is fierce on the racetracks as you face off against 5 rivals! To help you win, there are cool power ups: leave sticky oil on the track for your rivals, shield yourself against attacks, or get a boost with a rocket or nitro!<br><br>Go bigger, better &amp; faster with Hot Wheels Unlimited‚Ñ¢! Fun and free arcade style car racing games for boys and girls and kids of all ages. Play with Monster trucks, karts, drag racers, muscle cars &amp; more!<br><br>SUBSCRIPTION DETAILS<br>- This app may offer monthly and yearly subscriptions<br>- Payment will be charged to your Apple ID Account at confirmation of purchase<br>- Subscription automatically renews unless auto-renew is turned off at least 24-hours before the end of the current period<br>- Subscriptions may be managed by the user and auto-renewal may be turned off by going to the user&#39;s Account Settings after purchase<br>- Your account will be charged for renewal within 24-hours prior to the end of the current period <br>- You can cancel your subscription at any time, but please note that you will not get a refund for any remaining period of a subscription<br>- Users may be offered a free trial of the subscription<br>- One free trial per account, on new subscriptions only<br>- Any unused portion of a free trial period, if offered, will be forfeited when the user purchases a subscription<br><br>PRIVACY &amp; ADVERTISING<br>Budge Studios takes children&#39;s privacy seriously and ensures that its apps are compliant with child privacy laws. This application has received the ‚ÄúESRB Privacy Certified Kids‚Äô Privacy Seal‚Äù. Read our privacy policy at: https://budgestudios.com/en/legal/privacy-policy/, or email our Data Protection Officer at: privacy@budgestudios.ca<br><br>END-USER LICENSE AGREEMENT<br>https://budgestudios.com/en/legal-embed/eula/<br><br>HAVE QUESTIONS? <br>We always welcome your questions, suggestions and comments. Contact us 24/7 at support@budgestudios.ca <br><br>HOT WHEELS and associated trademarks and trade dress are owned by, and used under license from, Mattel. ¬©2021 Mattel.<br><br>BUDGE and BUDGE STUDIOS are trademarks of Budge Studios Inc.<br><br>Hot Wheels Unlimited‚Ñ¢ ¬©2021 Budge Studios Inc. All Rights Reserved.","Epic Hot Wheels‚Ñ¢ car racing games, fun & easy track building & car collection!","Epic Hot Wheels‚Ñ¢ car racing games, fun &amp; easy track building &amp; car collection!","10,000,000+",10000000,3.8376753,77792,1529,"[16057, 3118, 4988, 6859, 46770]",0,True,USD,False,,,,True,$4.99 - $59.99 per item,49M,4.1,4.1 and up,Budge Studios,7489594886728593506,support@budgestudios.ca,http://www.budgestudios.com,"5455 De Gaspe Ave
Suite # 540
Montreal, Quebec, Canada
H2T 3B3",https://budgestudios.com/en/legal/privacy-policy/,7489594886728593506,Racing,GAME_RACING,https://play-lh.googleusercontent.com/BZf35WqkuQcXY2RZ8a_YzWCfs4RgtjWZyQ_3kU9XkPRgTzcjJ3krcRby1CCDUxfFKA,https://play-lh.googleusercontent.com/S60RB_pT7KiVM7MuHsw3IaLU3bY-bp3GF23Pe5ZCPzkiDAX8sO6rzNLuw8JozuVWxcY,"['https://play-lh.googleusercontent.com/8R4DBXc9XYg08mRbgdhgudVcjGM7kD_qAyn9wI7_-bEJUdH8sn6pr7w5-oxQJZ4twg', 'https://play-lh.googleusercontent.com/Mbq02VTizL-koc6YQGShkIiVZ2_ysDhYsoEgqwCaHDyBzggWuWFzjU3_0Nqz8c2OCcA', 'https://play-lh.googleusercontent.com/_QKAyhORzNxfP2YPzT6PY4x5GtE9FZ50OmN4dxmotmv30_beCac3Vn7-ekQEAg_qKTqr', 'https://play-lh.googleusercontent.com/CZht-0Fp7nztC0DAw0PmNXAt3it4d-PTneJe8e8qj4fklhwaT7SV1uL8Jt9JkuL4BUuE', 'https://play-lh.googleusercontent.com/0zAe4tAOGxDjsuK7TGKHt1d6ZakFCaGVf0lKrBfCFhWMtWg9cX8xSsQ1-YAS6Lc0PA', 'https://play-lh.googleusercontent.com/KOxS7rH6Dp5OWWGmcvXqKT-PF6Fmx3ihoXCLzO2acBgKzh-JEC3QpokafjW_mf1BQ1KV', 'https://play-lh.googleusercontent.com/3j0HGgE2qjukrjee7LAAx0BF_1_oeRlp55RG1cUHYMR6QizfzVtm3nsy4dO3yrCvv2Q', 'https://play-lh.googleusercontent.com/u3qsi5Vz0uxV6u-ymwgYtSHqTb_peidbCmYM1CXUOcpASoq3zSeF7ocHkfvy-Xokaw', 'https://play-lh.googleusercontent.com/eWzts38-X9YohGdbgl7yrQ8l2r1fdsvqPEr46hpuEaxYIOfMwP4Ch4hAA-GW079NW3c', 'https://play-lh.googleusercontent.com/XUHJzQ0vcX6FCe7U7NewUpN4pSSrS8KHCOyxK9EU2PEPVclF13nuOjSCUj87H-gcUek', 'https://play-lh.googleusercontent.com/MI9pVCQF8eUzCpX3t1DWZynk9gv4uTm6yBL9GU2YTKFAU0ePBO1cak51hnnJ5XOeb14', 'https://play-lh.googleusercontent.com/blsqNBwKcwRXWpgxLo4Dy3OZ9tADOpB7-hKQRsC6lAT6j3tcrtC-oTC34A32pzgHv-A', 'https://play-lh.googleusercontent.com/VypyvkLF31hoW0VI_MIafM5ixE9rWVXAu8G0pjpIl4RobAvRMMSU90aNWnk4laArinK6', 'https://play-lh.googleusercontent.com/HzA9jTY0pu6wnKRIlJtISbb8D8Nbi7xxhQsCJplb5BApjiOZjxzxykybgUUO1heeLRk', 'https://play-lh.googleusercontent.com/NBZkQCmYTg7lTfORK_zez_WstsFO1lm_glj9y_PyT4RdhrM_GH8IKPa773dmbPQPHA', 'https://play-lh.googleusercontent.com/N46kOdFg4aOKdngh9JZEo0AnCE01Yu_bd-uMuTmB4ZInZ6OQpgwxHWumbVsmTqL2DDyk', 'https://play-lh.googleusercontent.com/0stQrpINMJB1C-VHjcP8u4_8OlAJa4VPE995AutkP3qE0GBpaw10DFm-8nVbvQL0X3o', 'https://play-lh.googleusercontent.com/OcKpzC-SQYYuEYAy1_0By8yP5PUBcjnkSXVWfMYVuyG9rM0GF5v1CopivcoEUiurrBI', 'https://play-lh.googleusercontent.com/92367gC8NGHYo35FrQ1ipuCiEBZKWW3PG5o74mylPGBdqqtGpwM16pwSpAy4u9anqYw', 'https://play-lh.googleusercontent.com/HSMToKcRPzGvTN5LB7qTzsNw85uhxXV0CjM6rITAH6wJ-TEdDzGHQqSlv5LBwzFzaQ', 'https://play-lh.googleusercontent.com/U5oYtJhMvsHpXXQM5Hjdr6Sua5S4I3QDUGLyHguxoSTO1PAES22m2t7_kdY-vOiOPGw', 'https://play-lh.googleusercontent.com/E8sUwwVw0ANLnC5t5W7BdsKl0iC3AiiSZ1MR7G6hGHN2kMsqT3-3pJu7mCV7idmfk-E', 'https://play-lh.googleusercontent.com/07rjrgat02g3GjfYmJhksNYhGVuWLstqa11KmyiDtr2EjRNoScJQufqaHYEs3Y71nys', 'https://play-lh.googleusercontent.com/ecasYpP_ZtHgqwvhauopqZYHOTMCXiIZ4XEK9gGk_-EWnZGVM9sG3A0pVm_axg1U0IU']",https://www.youtube.com/embed/57YYVsEEZdk?ps=play&vq=large&rel=0&autohide=1&showinfo=0,https://play-lh.googleusercontent.com/S60RB_pT7KiVM7MuHsw3IaLU3bY-bp3GF23Pe5ZCPzkiDAX8sO6rzNLuw8JozuVWxcY,Everyone,,True,True,"Sep 29, 2020",1638295701,2021.3.0,"Racers, start your engines for an EPIC racing update!
NEW CARS & TRACKS PIECES ‚Äì Build and race to earn new iconic Hot Wheels‚Ñ¢ cars and track pieces!
MORE CHALLENGES - Test your skills and courage! Can you complete them all?","Racers, start your engines for an EPIC racing update!<br>NEW CARS &amp; TRACKS PIECES ‚Äì Build and race to earn new iconic Hot Wheels‚Ñ¢ cars and track pieces!<br>MORE CHALLENGES - Test your skills and courage! Can you complete them all?",False,"['com.budgestudios.googleplay.BudgeRacing', 'com.razmobi.monstertrucks2', 'com.WildWorks.RyansTag', 'com.budgestudios.googleplay.ThomasAndFriendsMinis', 'com.frojo.moy7']",,com.budgestudios.googleplay.HotWheelsUnlimited,https://play.google.com/store/apps/details?id=com.budgestudios.googleplay.HotWheelsUnlimited&hl=en&gl=us
RaceCraft - Build & Race,"Don't you wish you could build your own crazy stunt courses? Now you can with RaceCraft! Drive like thunder on your light-powered tracks in the universe's coolest cars. Time to put your crafting and racing skills to the test! Do you have what it takes to be a RaceCraft champion?

GET CRAFTING
‚Ä¢ BUILD tons of spectacular racetracks, perfect for high-speed action!
‚Ä¢ CUSTOMIZE endlessly with epic jumps, twisty loops, rattling rails and much more!
‚Ä¢ PAINT your course‚Äôs terrain with slippery water splashes, bubbling lava or messy mud!
‚Ä¢ BOOST your track‚Äôs Light Power by building the most creative courses!
‚Ä¢ COLLECT Sparks along the way and get awesome rewards!

LET‚ÄôS RACE
‚Ä¢ BLAST off at blazing speed on your own light-powered tracks!
‚Ä¢ RACE in either ‚Äú1-Player‚Äù or ‚Äú2-Player‚Äù mode to challenge a friend!
‚Ä¢ TAP the green button as fast as you can to get going at high speed! 
‚Ä¢ FUEL your boost to blast your way to victory!
‚Ä¢ UPGRADE your cars with awesome skins, studded tires, solid shields and much more!

PRIVACY & ADVERTISING
Budge Studios‚Ñ¢ takes children's privacy seriously and ensures that its apps are compliant with privacy laws. This application has received the ‚ÄúESRB (Entertainment Software Rating Board) Privacy Certified Kids‚Äô Privacy Seal‚Äù. For more information, please visit our privacy policy at: https://budgestudios.com/en/legal/privacy-policy/, or email our Data Protection Officer at: privacy@budgestudios.ca.

Before you download this app, please note that it is free to try, but some content may only be available via in-app purchases. In-app purchases cost real money and are charged to your account. To disable or adjust the ability to make in-app purchases, change your device settings. This app may contain contextual advertising (including the option to watch ads for rewards) from Budge Studios regarding other apps we publish, from our partners and some third parties. Budge Studios does not permit behavioral advertising or retargeting in this app. The app may also contain social media links that are only accessible behind a parental gate.

END-USER LICENSE AGREEMENT
This application is subject to an End-User License Agreement available through the
following link: https://budgestudios.com/en/legal-embed/eula/

ABOUT BUDGE STUDIOS
Budge Studios was founded in 2010 with the mission to entertain and educate children around the world, through innovation, creativity and fun. Its high-quality app portfolio consists of original and branded properties. Budge Studios maintains the highest standards of safety and age-appropriateness, and has become a global leader in children‚Äôs apps for smartphones and tablets.

Visit us: www.budgestudios.com 
Like us: facebook.com/budgestudios 
Follow us: @budgestudios 
Watch our app trailers: youtube.com/budgestudios 

HAVE QUESTIONS? 
We always welcome your questions, suggestions and comments. Contact us 24/7 at support@budgestudios.ca 

BUDGE, BUDGE STUDIOS and RACECRAFT are trademarks of Budge Studios Inc.

RaceCraft ¬© 2019 Budge Studios Inc. All Rights Reserved","Don&#39;t you wish you could build your own crazy stunt courses? Now you can with RaceCraft! Drive like thunder on your light-powered tracks in the universe&#39;s coolest cars. Time to put your crafting and racing skills to the test! Do you have what it takes to be a RaceCraft champion?<br><br>GET CRAFTING<br>‚Ä¢ BUILD tons of spectacular racetracks, perfect for high-speed action!<br>‚Ä¢ CUSTOMIZE endlessly with epic jumps, twisty loops, rattling rails and much more!<br>‚Ä¢ PAINT your course‚Äôs terrain with slippery water splashes, bubbling lava or messy mud!<br>‚Ä¢ BOOST your track‚Äôs Light Power by building the most creative courses!<br>‚Ä¢ COLLECT Sparks along the way and get awesome rewards!<br><br>LET‚ÄôS RACE<br>‚Ä¢ BLAST off at blazing speed on your own light-powered tracks!<br>‚Ä¢ RACE in either ‚Äú1-Player‚Äù or ‚Äú2-Player‚Äù mode to challenge a friend!<br>‚Ä¢ TAP the green button as fast as you can to get going at high speed! <br>‚Ä¢ FUEL your boost to blast your way to victory!<br>‚Ä¢ UPGRADE your cars with awesome skins, studded tires, solid shields and much more!<br><br>PRIVACY &amp; ADVERTISING<br>Budge Studios‚Ñ¢ takes children&#39;s privacy seriously and ensures that its apps are compliant with privacy laws. This application has received the ‚ÄúESRB (Entertainment Software Rating Board) Privacy Certified Kids‚Äô Privacy Seal‚Äù. For more information, please visit our privacy policy at: https://budgestudios.com/en/legal/privacy-policy/, or email our Data Protection Officer at: privacy@budgestudios.ca.<br><br>Before you download this app, please note that it is free to try, but some content may only be available via in-app purchases. In-app purchases cost real money and are charged to your account. To disable or adjust the ability to make in-app purchases, change your device settings. This app may contain contextual advertising (including the option to watch ads for rewards) from Budge Studios regarding other apps we publish, from our partners and some third parties. Budge Studios does not permit behavioral advertising or retargeting in this app. The app may also contain social media links that are only accessible behind a parental gate.<br><br>END-USER LICENSE AGREEMENT<br>This application is subject to an End-User License Agreement available through the<br>following link: https://budgestudios.com/en/legal-embed/eula/<br><br>ABOUT BUDGE STUDIOS<br>Budge Studios was founded in 2010 with the mission to entertain and educate children around the world, through innovation, creativity and fun. Its high-quality app portfolio consists of original and branded properties. Budge Studios maintains the highest standards of safety and age-appropriateness, and has become a global leader in children‚Äôs apps for smartphones and tablets.<br><br>Visit us: www.budgestudios.com <br>Like us: facebook.com/budgestudios <br>Follow us: @budgestudios <br>Watch our app trailers: youtube.com/budgestudios <br><br>HAVE QUESTIONS? <br>We always welcome your questions, suggestions and comments. Contact us 24/7 at support@budgestudios.ca <br><br>BUDGE, BUDGE STUDIOS and RACECRAFT are trademarks of Budge Studios Inc.<br><br>RaceCraft ¬© 2019 Budge Studios Inc. All Rights Reserved",Reach light-speed in the coolest cars on light-powered courses that YOU create!,Reach light-speed in the coolest cars on light-powered courses that YOU create!,"5,000,000+",5000000,4.098039,16214,489,"[2856, 211, 740, 1057, 11350]",0,True,USD,False,,,,True,$0.99 - $14.99 per item,48M,4.4,4.4 and up,Budge Studios,7489594886728593506,support@budgestudios.ca,http://www.budgestudios.com,"5455 De Gaspe Ave
Suite # 540
Montreal, Quebec, Canada
H2T 3B3",https://budgestudios.com/legal/privacy-policy/,7489594886728593506,Racing,GAME_RACING,https://play-lh.googleusercontent.com/cpaO6Bzd7HQ2uYmEd8mIjk1XnxrCehJxfQVmHAqWiOzLUiQza-aHWezq8XLQ3vb3iQ,https://play-lh.googleusercontent.com/VqmZP5rfzU8AR607DBYGhsq34EmjK_0VTknaW3n5bmkp0AhVDkYVbW8wT8fqgrBx3yk,"['https://play-lh.googleusercontent.com/2PLu5QqA-RkVNpcvcBAMT3QCEUi7T8sCsqiz3jiS7u5po5wKJV0WUYxAMLG18XZdyoE', 'https://play-lh.googleusercontent.com/6VMvKMuzmlIURCU3zetkm_6IU9HZjVvV_-WAP819bGJLxnSW9zWksppr7ZPMD6fqM-S_', 'https://play-lh.googleusercontent.com/5vWuSQ8vTzuavt_dXLbasuSyUuNYfoUjwytEjr_qCj67D7csTATGzL5iYaXZWThvvj2Z', 'https://play-lh.googleusercontent.com/l99kOeLT-kvA9YNv2tb_Wg3CVIjd5efU9gbOSj1RiI5OqCmTBYpdgccu6sRt4WoOeh0V', 'https://play-lh.googleusercontent.com/d0NSFCxNBNpMjF1rzZpVwW1Mx1oVQnzsyftcMtkq_H2-dlrGFF2sGxJmL8x-mwKc8X73', 'https://play-lh.googleusercontent.com/u4tGUKNFsAdHYLjsiYbup_9nEwaj7lsznjWgtgp8YnX8duWehlDF0ro8taGJUyXUrA', 'https://play-lh.googleusercontent.com/JNlblJRBtGz2iuFyzHuDl92SwY2PsnCgaectHq01CnCrgfi_5SdzfveO3r3396Wkpy4', 'https://play-lh.googleusercontent.com/FJtugbg6rWZBJbI1sD7MB8kAxLiApsC3mrAAlFFz2JWNYCh1OHxs5MhECg8uedcH3Q', 'https://play-lh.googleusercontent.com/ShWZX6t2oO-rZLrxh15XVsPk5aD0vWeDCg_yQl2p-hAAS_FXV2L7HYSUR08vWsygjQ', 'https://play-lh.googleusercontent.com/FSCmtLnZiWYB8Ou0CT-xq0PAclZib24qFb2RB5X6YaENz4HS0TyuX7JgM7JKX8ezJc4', 'https://play-lh.googleusercontent.com/A1IMgAz-5zfD5jhzyDLJwmmEJU5Xbk6aQcJ_0m48RIjYfC0NEOxWEcdo6KCehVHlkA', 'https://play-lh.googleusercontent.com/kGNP6FG0oo2rvsZtZ7m1ZpRlvG9luZv3utHc4zQHIABGcZK1-_j8drMa5wB4dpGTu5Y', 'https://play-lh.googleusercontent.com/loLUuVvPkYkP5Ha9ESJxWBViWW5hvtpJLCFIsoVS5NCyligMRkTuE2WX6k773oQW8w', 'https://play-lh.googleusercontent.com/kPmDbX3IADtZCjHCfNBh9OeQIcar-JLITgE2OrPmo8A6XVnBzcqhYjz0zyCVQ-KRK24', 'https://play-lh.googleusercontent.com/jnBokpt22DcTzVVFjRiSbV5G7C2xR5ldGNcOyGD7KcjlTlR-Ud_If8_GnGm6-egj4eTR', 'https://play-lh.googleusercontent.com/VK2XnqynXYQ_Cf-HKhbba4QGrvM8OmQIFc4OtO04VY61D8GUf1GUIwcx59woQCkcF6o', 'https://play-lh.googleusercontent.com/wI6v7nSSZdfh2mdVXF0NLWDt4c_AkRKBsyx-DCGoQYU4cP7KdKucHwxGOQXgCStrGD8', 'https://play-lh.googleusercontent.com/f5arBDBX_2_uFkiU88Fzile2aZoUWAAQpN0wNCOqlrK0Akmpkr30GsTj-B23L9kH74g', 'https://play-lh.googleusercontent.com/vNm4w_bW7R-BdwCHPfkTG4W1HStPr9yjo3xcDljvHgynObcqHgSixxtsFJIcN4o0vWA2', 'https://play-lh.googleusercontent.com/p_UEbUS1gYFG7sarHtdMDglTcKJp6JexmbjoN14_qhXF1na-M7X8Et37P4-7J0AgDOYR', 'https://play-lh.googleusercontent.com/Dz5c-6Yh_UtAn0p3DgZuFdvfSAU2pVG-040qY4JbqRe3BAlvrAa6IofC5QQ_Ye5opA']",https://www.youtube.com/embed/e_k_0vccOJ4?ps=play&vq=large&rel=0&autohide=1&showinfo=0,https://play-lh.googleusercontent.com/VqmZP5rfzU8AR607DBYGhsq34EmjK_0VTknaW3n5bmkp0AhVDkYVbW8wT8fqgrBx3yk,Everyone,,True,True,"Mar 5, 2020",1637169911,2021.1.0,Bug fixes. Thank you for playing RaceCraft!,Bug fixes. Thank you for playing RaceCraft!,False,"['com.budgestudios.googleplay.HotWheelsUnlimited', 'com.pizzagames.constructcar', 'com.mattel.hwid', 'com.budgestudios.googleplay.ThomasAndFriendsMinis', 'com.budgestudios.ThomasAndFriendsGoGoThomas']",,com.budgestudios.googleplay.BudgeRacing,https://play.google.com/store/apps/details?id=com.budgestudios.googleplay.BudgeRacing&hl=en&gl=us
Monster Truck Vlad & Niki,"<b>Vlad and Niki</b> invite everybody who likes speed and fun to take part in exciting kids racing. Choose a cool suit, helmet, monster truck and try off-road racing! These cars for kids are very easy to control! Sit in your car and take part in competition. Play funny games for kids with your favourite characters and monster trucks absolutely for free!

üèÅüèÜ <b>Kids arcade racing with Vlad & Niki</b> üèÅüèÜ

- choose a track of any difficulty
- open new trucks from baggies to big monster cars
- find the biggest wheels and car bodies in the garage
- compete with strong opponent
- unique voiceover from Vlad and Nikita
- try new free game for children
- play the best games for boys 5 years old and older

On our way we will meet tricky destroyable obstacles, hills and valleys. Compete off-road with a maximum speed! More monster trucks! More power! Speed up! Destroy! Crash! Win!

üéÆ <b>Play kids racing and win!</b> üéÆ

- overcome obstacles with your automobile
- destroy obstacles and perform tricks
- drift and speed up to win
- be fast and crafty
- use trampolines and hills
- win with your monster truck!

Car games are getting more interesting and exciting when there are Vlad and Niki! Choose your favourite character and have fun with them. Try crazy racing tracks and all cars in the garage. Play exciting kids games for toddlers 3 years older and have fun together.","<b>Vlad and Niki</b> invite everybody who likes speed and fun to take part in exciting kids racing. Choose a cool suit, helmet, monster truck and try off-road racing! These cars for kids are very easy to control! Sit in your car and take part in competition. Play funny games for kids with your favourite characters and monster trucks absolutely for free!<br><br>üèÅüèÜ <b>Kids arcade racing with Vlad &amp; Niki</b> üèÅüèÜ<br><br>- choose a track of any difficulty<br>- open new trucks from baggies to big monster cars<br>- find the biggest wheels and car bodies in the garage<br>- compete with strong opponent<br>- unique voiceover from Vlad and Nikita<br>- try new free game for children<br>- play the best games for boys 5 years old and older<br><br>On our way we will meet tricky destroyable obstacles, hills and valleys. Compete off-road with a maximum speed! More monster trucks! More power! Speed up! Destroy! Crash! Win!<br><br>üéÆ <b>Play kids racing and win!</b> üéÆ<br><br>- overcome obstacles with your automobile<br>- destroy obstacles and perform tricks<br>- drift and speed up to win<br>- be fast and crafty<br>- use trampolines and hills<br>- win with your monster truck!<br><br>Car games are getting more interesting and exciting when there are Vlad and Niki! Choose your favourite character and have fun with them. Try crazy racing tracks and all cars in the garage. Play exciting kids games for toddlers 3 years older and have fun together.",Racing game for kids with Vlad & Niki. Monster trucks and cars for boys,Racing game for kids with Vlad &amp; Niki. Monster trucks and cars for boys,"10,000,000+",10000000,4.081081,18693,261,"[2690, 1004, 1004, 1345, 12650]",0,True,USD,False,,,,True,$1.99 - $6.99 per item,167M,5.0,5.0 and up,Hippo Kids Games,4700756200397995264,report.psv@gmail.com,http://psvgamestudio.com,Ukraine,https://policy.psvgamestudio.com/privacy_policy_hippo_kids_games.html,4700756200397995264,Educational,GAME_EDUCATIONAL,https://play-lh.googleusercontent.com/G-WYWmaQq5dWq5tU55P2aYrpQ98YKkBsrgeiRr7RLjTPnIFSnqby_cZ9T6ZIDenDSO-Z,https://play-lh.googleusercontent.com/TD-ilFLrZNpmV9sog4t1KjMTLG4MOrp5MlCXFE9Y_GaueNG0bFRfm1QDPszsvPDLd0uF,"['https://play-lh.googleusercontent.com/JOCGYx0Bb4wwoI04j52AS6mjKEA78Z27aocmgeMrsbPDcVWN3FMvdEXZt9NnTyX9X9s', 'https://play-lh.googleusercontent.com/V-rKye6nzsJ0x1QJPuFkM_WR-MBz7ZZy2uboDcfuvIGTj2W0ijo0Y0EwuTzc6mfN-Pk', 'https://play-lh.googleusercontent.com/0zFzxED9BklnBE4HrJV_fftetCmPLk8ItSfnpzdaF8VI-Sm3e-eoIv1OrcOqfbbjdBE', 'https://play-lh.googleusercontent.com/0-3xivf1yspSt-l0wMOZAEdGBaDKoFo9F7S5_7WWVwWIQMVUKZuu5pzmzWfxH-pshwCf', 'https://play-lh.googleusercontent.com/ebTmLZZ4SHu5m1eL-F4Xt2DzwbJDY42Saza7xa_TNR4FRDMcrFSk1gn0tUyuvixIrA', 'https://play-lh.googleusercontent.com/vI3vwpRESOXnfLBk-34Jcxpyq3DcfNcz_bNjmuA1kRE68tlld7Q_iEqMprQPtg85qC0', 'https://play-lh.googleusercontent.com/y0dk1RdoL_FtFk2EIpFlNJuvMwqCn4B5Zo2ZDhWFIIVdGsUk1h679awh3URYmRoHeDDT', 'https://play-lh.googleusercontent.com/LAMy9ZJQleiC9vcu_gtrZwRswvnA127rY2PgaK1Iq49DLuz2OLIx-c59x4e3w_jjsEiP', 'https://play-lh.googleusercontent.com/U7z57rXf_icM_ysv5R2K4Cf5U090SVaTytQiTueslf6VQ9VwY8xXdGF7UjD34HxWmGc', 'https://play-lh.googleusercontent.com/pFLH_jTY6Rh10g8EiiSlmc0o6FhOzXUK0Omtpfh4cKavXI3uxfzmCEnW8U5vS07eqUk', 'https://play-lh.googleusercontent.com/9SmCXCuetvlKjBczS9nadbHjMYxQBdAh9QfcnV5a4sJPRL6ep7UItw9qkMSoShBHcOk', 'https://play-lh.googleusercontent.com/6285ddIlYg_09layQmYooKMeCYbQcPfGBSZI3GIJWbOdzOTizHnlTr4SuEoX3-SICKud', 'https://play-lh.googleusercontent.com/Vh8nmGyG1iVino5FvLEqJ2UwES5NtKrJjQbYa0CY--JH6GgBlQk08-Srjika8UEVSeg', 'https://play-lh.googleusercontent.com/4WRdulfLPRs5-flhVNTjS26yt74vhU8gHT2uxT5wOzWoh7XJICE4VStoGfI_NHYF45Q', 'https://play-lh.googleusercontent.com/ic-JhxM_C6FGN-eelWwBV_BtZNl0Y4FWb7i5_ryPZyqN1pB0tDyElG3qN-nttb2pBvq8']",https://www.youtube.com/embed/TdXcmimIbF0?ps=play&vq=large&rel=0&autohide=1&showinfo=0,https://play-lh.googleusercontent.com/TD-ilFLrZNpmV9sog4t1KjMTLG4MOrp5MlCXFE9Y_GaueNG0bFRfm1QDPszsvPDLd0uF,Everyone,,True,True,"Dec 31, 2020",1636620967,1.3.4,,,False,"['com.PSVStudio.HippoMonstarTruck', 'com.psv.vlad_and_nikita.supermarket', 'com.devgame.robocar.poli.postman.kids.games', 'com.AzonGroup.VladNiki', 'com.lily.times.tweenshusky.all']",,com.psv.vlad_and_nikita.racing,https://play.google.com/store/apps/details?id=com.psv.vlad_and_nikita.racing&hl=en&gl=us
Easy coloring pages for kids,"Coloring book for kids and toddlers aged 2 years and older. Learning games for kids entertains the child, and help them with education and learning. Especially if this is coloring or drawing game. Coloring game is suitable for both girls and boys. By drawing and coloring pages your child is learning and develop fine motor skills and wrist, which affects the intellection, and learning this world getting acquainted with the shapes of various objects. 

More than 130+ coloring pages wait for kids in this drawing game!

All coloring pages are separated into 8 packs:
- Animals coloring
- Wild animals pages
- Cars coloring pages
- Dinosaurs pages
- Undersea coloring pages
- Professions pages
- Creatures pages
- Food coloring book

For convenience, the coloring book is made in such a way that the child won't be able to go beyond the boundaries of the contour, which he began to paint.

Various drawing tools, such as a drawing marker, pencil, magic brush and others will reveal the artistic potential of your kids.
Texture painting will make your painting process trully exciting. With this tool, your kids can easy draw clouds, stars, grass and other elements.

Our learning coloring app game opens the world of visual arts for kids of all ages.","Coloring book for kids and toddlers aged 2 years and older. Learning games for kids entertains the child, and help them with education and learning. Especially if this is coloring or drawing game. Coloring game is suitable for both girls and boys. By drawing and coloring pages your child is learning and develop fine motor skills and wrist, which affects the intellection, and learning this world getting acquainted with the shapes of various objects. <br><br>More than 130+ coloring pages wait for kids in this drawing game!<br><br>All coloring pages are separated into 8 packs:<br>- Animals coloring<br>- Wild animals pages<br>- Cars coloring pages<br>- Dinosaurs pages<br>- Undersea coloring pages<br>- Professions pages<br>- Creatures pages<br>- Food coloring book<br><br>For convenience, the coloring book is made in such a way that the child won&#39;t be able to go beyond the boundaries of the contour, which he began to paint.<br><br>Various drawing tools, such as a drawing marker, pencil, magic brush and others will reveal the artistic potential of your kids.<br>Texture painting will make your painting process trully exciting. With this tool, your kids can easy draw clouds, stars, grass and other elements.<br><br>Our learning coloring app game opens the world of visual arts for kids of all ages.","Page coloring for toddlers 2,3,4,5 years old! Drawing game for boys and girls!","Page coloring for toddlers 2,3,4,5 years old! Drawing game for boys and girls!","500,000+",500000,3.961165,2820,27,"[434, 106, 213, 410, 1657]",0,True,USD,False,,,,True,$1.99 - $4.49 per item,24M,4.4,4.4 and up,Joongly games,6983898812738908563,info@joongly.com,http://joongly.com,"ul. Lavochkina 6/1, 400074, Volgograd, Russian Federation",http://joongly.com/privacy-policy.html,6983898812738908563,Educational,GAME_EDUCATIONAL,https://play-lh.googleusercontent.com/toir_5h8pIW55L7t22_WU0rtDgN7koq-_b1xGF9PTPk_pa9OfE1oLUfa3-HHU1HF1-Q,https://play-lh.googleusercontent.com/6hdZrQs2r5_K12hoWdlg_P9Hd5Ukr5YP_bT6ww0h8wVxCnTmGmblADB2dT3UMBWLuzw,"['https://play-lh.googleusercontent.com/0ztefMhvuSUSsD8fCCK2Lz8iowp52ApsFX11MgdEP0_KStzewOGP4qnsQQGYjncBrA', 'https://play-lh.googleusercontent.com/D5Af_bSyVS2HwyXMfvdjaPiQirvFryxzAeo2l1iLwNNOTOOpLlXmRGKuxz-rwtMl2MpO', 'https://play-lh.googleusercontent.com/Y0wJJYysIAQ5y5L6H33NZdnrdEE5JIMvd7plUyj2a-_TYsSH3KCb-k1GvFUk-stYYHo', 'https://play-lh.googleusercontent.com/pdZNebiDw7AvAH3h2h_dLWzeX-_lTr_U9z1Dh8JTjDXJCwJ1vzeORC8-Ga6bbOPpmcg', 'https://play-lh.googleusercontent.com/qEJAX0XAfbWRtXE727thtIzQmCgnMd9KwTWuXqntYLfoqynMf0SvZEGy0YhSkuSaRXg', 'https://play-lh.googleusercontent.com/dcLagkhCCuvKPq42DrIskZS_X2DWTuIkpQbIx5toJWC4Z2SbWMTD5YmoyQlK7J_9TEo', 'https://play-lh.googleusercontent.com/d0a2FDcRe9tDEn63hx-qWih9VQ8jhd_Cs62aBxS-XrWjo6W7wswgUETGbR_8BFu6GhI', 'https://play-lh.googleusercontent.com/y_n69KZDJO_2d23dcdDCo0bWehpypKifrjNq8kLZaxpS0sAOP-SycUvDM0d7aeoAWA', 'https://play-lh.googleusercontent.com/WpkMb7EZ2sZcU0Igtg4jcaCAlGC-fDTmhMb1UKx0424VdoSalOdV9LZeWFVKGh39ktMR', 'https://play-lh.googleusercontent.com/BtBp3eOiHolhmtvtEKAAw1PPRmozTyJocWUZTfzTHMuwEq80OJ_Jmg9YjNL5RHJTRTtu', 'https://play-lh.googleusercontent.com/yTz-g41M57AI9sYj4628PS8uUyE16igzn8Gtu-DKT8JIkxHZ4VMXFMCFUep6xQ6Tqfgr', 'https://play-lh.googleusercontent.com/MO1pSD3J-7J-6zQEjEfasUdBUeF6WYdZlt60XAe-QvX46adjEsbVSnLRdU9wSrACLr0', 'https://play-lh.googleusercontent.com/oQ8S2M0PGeMupzZ0u3Fb_Bq5XpCtUBzpgEjOA2VonDCBX3cpAjLZShstaet7gQbe6uSc', 'https://play-lh.googleusercontent.com/p8hUFbR5HGQWIZe3bogV18UttY92M07y9ftxqKsy5n5z2uteAOiBkyAcyHYfVJoOuA', 'https://play-lh.googleusercontent.com/WeGCExy5Rj3pJSYkJt1WXJ8gk1ceorR8Y1r-sAJUwv27m38pUJ6uOBWxtxCdbhTZ_w']",,,Everyone,,,False,"May 5, 2020",1634396779,1.62,,,False,"['com.bimiboo.coloring', 'com.bimiboo.drawing', 'com.blackbean.tinycolors.coloring.book.kids.learn.painting', 'com.binibambini.minidancing', 'com.binibambini.acad.drawing']",,com.joongly.kids.coloring,https://play.google.com/store/apps/details?id=com.joongly.kids.coloring&hl=en&gl=us
Monster Trucks Racing for Kids,"Monster Trucks racing game is a set of exciting mini-games for toddlers and preschool children! 

Choose among 30 cool-looking monster trucks and race for the victory. More car models are coming! 

Your toddlers will learn different types of trucks and simple mechanics by playing 4 enthralling mini-games.

‚öôÔ∏è <b>BUILD</b> ‚öôÔ∏è
Assemble your own monster truck! Just take a part of the vehicle and move it to a suitable place. Fun and easy like solving a puzzle!

‚õΩ <b>FUEL</b> ‚õΩ
Fuel your monster truck at a gas station. Just insert a pump nozzle and tap multiple times on the pump to fill up the petrol tank.

üèÅ <b>RACE</b> üèÅ
Take part in a fun race against other trucks. Collect stars, crush the cars, and break obstacles along the course. The truck never flips, so your children always get the finish line!

üßΩ <b>WASH</b> üßΩ
Your truck got dirty after the race? No problem! Go to a car wash, soap the car with bubbles, wipe it all over with a soft brush, and clean with water. Now your monster car is ready for the next competition! 

This game is designed for boys and girls from 2 to 6 years old. Monster Trucks will get your children busy for hours and they will definitely have fun!

<b>Why your babies will love the game:</b>

‚ñ™ 30 cars to choose from
‚ñ™ Fun cartoon graphics
‚ñ™ Beautiful music composed for kids
‚ñ™ Simple controls

Monster Trucks games will help your children to develop fine motor skills, attention, and perseverance. 

Let's start the race and have a lot of fun with your kids! 


Privacy policy: https://bydaddies.com/privacy-policy
Terms of use: https://bydaddies.com/tou","Monster Trucks racing game is a set of exciting mini-games for toddlers and preschool children! <br><br>Choose among 30 cool-looking monster trucks and race for the victory. More car models are coming! <br><br>Your toddlers will learn different types of trucks and simple mechanics by playing 4 enthralling mini-games.<br><br>‚öôÔ∏è <b>BUILD</b> ‚öôÔ∏è<br>Assemble your own monster truck! Just take a part of the vehicle and move it to a suitable place. Fun and easy like solving a puzzle!<br><br>‚õΩ <b>FUEL</b> ‚õΩ<br>Fuel your monster truck at a gas station. Just insert a pump nozzle and tap multiple times on the pump to fill up the petrol tank.<br><br>üèÅ <b>RACE</b> üèÅ<br>Take part in a fun race against other trucks. Collect stars, crush the cars, and break obstacles along the course. The truck never flips, so your children always get the finish line!<br><br>üßΩ <b>WASH</b> üßΩ<br>Your truck got dirty after the race? No problem! Go to a car wash, soap the car with bubbles, wipe it all over with a soft brush, and clean with water. Now your monster car is ready for the next competition! <br><br>This game is designed for boys and girls from 2 to 6 years old. Monster Trucks will get your children busy for hours and they will definitely have fun!<br><br><b>Why your babies will love the game:</b><br><br>‚ñ™ 30 cars to choose from<br>‚ñ™ Fun cartoon graphics<br>‚ñ™ Beautiful music composed for kids<br>‚ñ™ Simple controls<br><br>Monster Trucks games will help your children to develop fine motor skills, attention, and perseverance. <br><br>Let&#39;s start the race and have a lot of fun with your kids! <br><br><br>Privacy policy: https://bydaddies.com/privacy-policy<br>Terms of use: https://bydaddies.com/tou","Car racing games for toddlers & preschool children. Build a truck, wash & repair","Car racing games for toddlers &amp; preschool children. Build a truck, wash &amp; repair","1,000,000+",1000000,4.361702,1445,28,"[215, 0, 15, 30, 1185]",0,True,USD,False,,,,True,$4.99 per item,102M,5.0,5.0 and up,Casual Games for Toddlers,Casual+Games+for+Toddlers,support@bydaddies.com,https://www.bydaddies.com/,"Thessalonikis, NICOLAU PENTADROMOS CENTRE, 10th floor, flat/office 1002",https://www.bydaddies.com/privacy-policy,6727049044170734599,Educational,GAME_EDUCATIONAL,https://play-lh.googleusercontent.com/PF2qaUyBAsPwCX_vicHLxWRD1KDwN-yqvGAe9rKieHuUQ4uzMWFV_fiiN4pwRITOGAY,https://play-lh.googleusercontent.com/A3h2h-qOZnclS1njPEmaFmf7DdI7ec1Vn_aDxjGvjOsEPeqiCKt1wvOPh_jQMxP1KA,"['https://play-lh.googleusercontent.com/ejfuyqUWZVqm6lCT1w0Fqka--E3BgnLE4-Q23TuBnxSqJLP29XvkAkdWDh4Me3-BJA', 'https://play-lh.googleusercontent.com/52_nHg4OnV4wASRwO4EQZK3KjdPitJHKnyc9LuPoQYKEjdjB3ZwyBnm9M4c3v4QpznQ', 'https://play-lh.googleusercontent.com/iUmPpHCoSZ91TEN-sNVsNMWFsSbG8t8Vy7qVCdTx07JtHEXLtzvFGVBL_e1EYxxhHHM', 'https://play-lh.googleusercontent.com/fvyUYInadIeiJqmUnM4hZ6c3wz-dk-XQ2cTfSQsg7k7CfDyQ3G33MLVfkttwu71-DOE', 'https://play-lh.googleusercontent.com/Sd29R5XtKZ6QR5mJEdkJKLFlObZzkQdW0hyLrlyM9--gWKK123fbO0n67OZyfsCysc0', 'https://play-lh.googleusercontent.com/2MP5nmPmRw9qGdLNzv08ve0EN6kPt-OGytWLqk_GrAIvKD6SavpCL7rYiYvk-3agUSc', 'https://play-lh.googleusercontent.com/rzlWIKO38je8SCXVLVh5RPsryNbDFViZPShxBL5LfF0hExSpc25eWY2XkpBsMMIAEc6w', 'https://play-lh.googleusercontent.com/wRM-1BBsohPa5MTUSSzky3qhqW0QOLFjp02s8x1JaIDbXD9UoqeI7jfrqALKqk6AmH4', 'https://play-lh.googleusercontent.com/ZZDTOjAd-hUEsGCt0WpNodk4o1mTe0WmBoPY9HHHxnZ6ZD7nLkslFjWLS7KN4ulBe70', 'https://play-lh.googleusercontent.com/SiacOl88DT3xYInYyS-1DdoZMJc-uHcbGTisSIGf_IMPaDl-f5tslo69md9U2piJwlM', 'https://play-lh.googleusercontent.com/BetngjvF0F4o0QoeW_C5Ay815tFgTfoVFmVxludKGlTi2P7jxruKLNbalO0v9Q5aSTPv', 'https://play-lh.googleusercontent.com/Plf64Yce1LoebRVId3ePInMVqd_c5tsn6Ysce8pDL1aIOIVt-r3XzzI-gGSlAIsr4ck', 'https://play-lh.googleusercontent.com/H2FNDpNvBH4Qg7Xag8xLRBh_NeOCl1X8oc28YVRbwtm-9-ATU49iMjqPv0Jmr_YyAVx0', 'https://play-lh.googleusercontent.com/azf0ivAIU-xUPk1CNO554CTIvmh2x7aqt9n-BNHCRvstzCCieY0xFIviMgG0kTfjmyk', 'https://play-lh.googleusercontent.com/JZFMva0Qm3-WKyxCxqv9lLFqotRDYb3iMjRTTEpW1uaAXgnEfvTISZtsIEyoMrz8DwY', 'https://play-lh.googleusercontent.com/y4nJ55DRo9jwNKDwk-vOhNFwRNUerpHkfVIsVp_WF-V4yQY7eQwCPbOl8dzdrbmxu6o', 'https://play-lh.googleusercontent.com/Lor8QR-sX1P4TG85OCT3A_FBkNKZ5fDcHoqn-drggKFtybEWHc0YzSbLsZUHxsTGaA', 'https://play-lh.googleusercontent.com/1HyRfPJcKWGGyHpFktDrEpvmf6Yzx6oBPCsUsFxiRKEU8Eig8O2-epfnLn7tVtF6Iw']",,,Everyone,,True,True,"Jan 19, 2021",1626179175,4.5,- Minor bug fixes,- Minor bug fixes,False,"['com.imayi.monstertruckgofree', 'com.imayi.dinodigger2free', 'com.PSVStudio.HippoMonstarTruck', 'com.gokids.transport2', 'com.psv.vlad_and_nikita.racing']","['kids.garage.cars.repair.wash', 'com.truck.kids.build.house.car', 'com.dp.baby.puzzle', 'treat.teeth.zoo.dentist', 'balloon.pop.kids.preschool.toddlers']",monster.truck.kids.game,https://play.google.com/store/apps/details?id=monster.truck.kids.game&hl=en&gl=us
Racing Cars for Kids,"Participate in the funniest car race with your custom cars!
This car racing game is aimed at children aged between 3 and 6 years old to enhance their creativity and stimulate fine motor skills.

Children can select their favorite character and create amazing cars from the garage. Bebo, Pat, Zacky and Nina are the characters that will accompany them during the game while they paint and color the cars and avoid obstacles in the race.

DESIGN YOUR FAVORITE CAR IN THE GARAGE

- Choose your favorite character and a car model you want to play with
- Design your own vehicles with paints, stickers and accessories
- Paint and color with different types of brushes, markers and sprays
- Change the wheels and tires of the car with special designs

CHOOSE THE RACE TYPE

- Select the theme you like best: mountain, candy world, space or city.
- Within each category there are several car racing scenarios.
- Dodge obstacles, cross the ramps and sliding areas without your car overturning.
- Compete with the rest of the participants in the race and be the first to reach the finish.

DIFFERENT CAR MODELS

Within the game children can choose different car models, divided into four categories:

- Field: tractor, truck, excavator ...
- Special cars: Cadillac, beetle, carriage, hippie van ...
- High speed: Race car, rocket, spaceship ...
- Public transport: Fire truck, ambulance, police car, bus, taxi ...


ABOUT EDUJOY

Thank you very much for playing Edujoy games. We love creating fun and educational games for children of all ages. If you have any questions or suggestions about this game you can contact us through the developer's contact or through our profiles on social networks:

twitter: twitter.com/edujoygames
facebook: facebook.com/edujoysl","Participate in the funniest car race with your custom cars!<br>This car racing game is aimed at children aged between 3 and 6 years old to enhance their creativity and stimulate fine motor skills.<br><br>Children can select their favorite character and create amazing cars from the garage. Bebo, Pat, Zacky and Nina are the characters that will accompany them during the game while they paint and color the cars and avoid obstacles in the race.<br><br>DESIGN YOUR FAVORITE CAR IN THE GARAGE<br><br>- Choose your favorite character and a car model you want to play with<br>- Design your own vehicles with paints, stickers and accessories<br>- Paint and color with different types of brushes, markers and sprays<br>- Change the wheels and tires of the car with special designs<br><br>CHOOSE THE RACE TYPE<br><br>- Select the theme you like best: mountain, candy world, space or city.<br>- Within each category there are several car racing scenarios.<br>- Dodge obstacles, cross the ramps and sliding areas without your car overturning.<br>- Compete with the rest of the participants in the race and be the first to reach the finish.<br><br>DIFFERENT CAR MODELS<br><br>Within the game children can choose different car models, divided into four categories:<br><br>- Field: tractor, truck, excavator ...<br>- Special cars: Cadillac, beetle, carriage, hippie van ...<br>- High speed: Race car, rocket, spaceship ...<br>- Public transport: Fire truck, ambulance, police car, bus, taxi ...<br><br><br>ABOUT EDUJOY<br><br>Thank you very much for playing Edujoy games. We love creating fun and educational games for children of all ages. If you have any questions or suggestions about this game you can contact us through the developer&#39;s contact or through our profiles on social networks:<br><br>twitter: twitter.com/edujoygames<br>facebook: facebook.com/edujoysl",Have fun designing amazing cars and run races with them!,Have fun designing amazing cars and run races with them!,"1,000,000+",1000000,3.99,3094,25,"[526, 92, 247, 247, 1982]",0,True,USD,False,,,,True,$0.99 - $3.99 per item,44M,4.4,4.4 and up,AppQuiz,5704336914526446295,edujoy@edujoy.es,http://edujoy.es,"Mazarredo,69 3¬™
Bilbao CP 48009
Bizkaia",http://edujoy.es/privacy_policy.html,5704336914526446295,Racing,GAME_RACING,https://play-lh.googleusercontent.com/UhXCV_KEean7wiCN_rePvpDXBOCo-Wi5_icjOH17V_LI1z2mMYsaRMnXofOAcVzWIA,https://play-lh.googleusercontent.com/IQUUrSu4QdcSvfomFUJ2E9t7Ggv4aXfUgMqhGfeq1Gtl9KwGhcOWku4luE_YeTnSQmI,"['https://play-lh.googleusercontent.com/lnnzB3BGJiJ9re9lm2v6u854Af_fZiFYZKsTtDlmmr9K8YF3Ah4rz9UU_DTCohovd8G9', 'https://play-lh.googleusercontent.com/QRoxUxwE0TY4XtXY3iRHEcj89zpT87B7IA_yXCGCKP03lrWmFf-H4Jlnql66iZExOw', 'https://play-lh.googleusercontent.com/fDP3M6r0rXgAzHEYixY1cws65ZVfjUPpA6gez5vt8oIwpSf5yHUm0WQe5DUP1PjDM6Q', 'https://play-lh.googleusercontent.com/2vb0URgIB5U-P9OPuRTBICApXtAWp-I68tBxBb60cMOol82Edx8Cpk_V3pUJJ8aHC5I', 'https://play-lh.googleusercontent.com/teZUtiRQTypefcgARJeaiOHJ4bko_P9hir5Tx7F6lxYxZQ9qFgwvGnQedhnj1bxlR-4', 'https://play-lh.googleusercontent.com/Rs7VAjmN4P6KuMBZ1PJSn6p1HfRpvWM7YXBaq-Pma3NTN6GL5pjPz6xM20PpqtDGqtXe', 'https://play-lh.googleusercontent.com/J2qC2BCOTlVZmA2ESvPnyCp3-l4qcRqmPIw2c2XxwwybLXd-9fEa3mdyaFyQqN5s7Q', 'https://play-lh.googleusercontent.com/YlBAcoOnnYGxoIBK-DW21xRvcRmgoE65YGT4ywzCs8S5qM4wSwg7dht75nf0V-Ya3vA', 'https://play-lh.googleusercontent.com/uYaEob5Q4v0rjGTV2djsb_yDjILRzbeaYzrozMc0Asa80gWPYMa5QllqaLahZb-0AVs', 'https://play-lh.googleusercontent.com/pN3k4pXaaivDkarByfVf4lGau_1EwfFcuZI464KcNP2IBIi6PInLX_J_VakO0QMtEC0', 'https://play-lh.googleusercontent.com/5ed0eQwnsI0pF-cyofp3k_zDlDhyUONt2yiQgwrHdexkjs4Ta8WhUzcku5RLM01_AUM', 'https://play-lh.googleusercontent.com/HBs9ZqhAN_UhuZ7Q2dQhI_B1ox8hElWpQtEEYsAq13rxVeo8JRR057oezRq5O7plLPQ', 'https://play-lh.googleusercontent.com/Cc4WgET3bFVaolhKdaYgX4_L2rn97_GZyTkNtV2QD_K0K7eErnyLmSp1GahuP2sXv-X8', 'https://play-lh.googleusercontent.com/8vh_qx00lBBz3yShICX9drICZypfg3U7BblvNWsHuLS6CmkzASs01eXhriAKP3MTOw', 'https://play-lh.googleusercontent.com/OrD4_BTT-MObvPuZiL6oEIfDHjp0gyF_3JX_Gen_FIrWYejcJZ3nxQdt5NMHXKTWFtE', 'https://play-lh.googleusercontent.com/8bA8sEcGxJH6eTp3Lr4hwEKlc51lbHNYjDpy97mEs-z6xUQzJDWTjpxBVa76LGG9mQ', 'https://play-lh.googleusercontent.com/cZFEO2jVYK2S70Lc-NzOomM7fcsKuhnMcFKyMPGG-QbdarEJUSwxQUAgB-C5foUZoA', 'https://play-lh.googleusercontent.com/7fp98-GSl8iAF-czuywuCMyj0T5V-UzKs1fGkiu4XFUTelbdxyXmS-vous1zKL686bzT', 'https://play-lh.googleusercontent.com/XtAfcCt5TYGXQj9MnPJmtUubHE2SvpFdlpI62HlMWVux8ZYCGB6XpORSABQst2-tQRk', 'https://play-lh.googleusercontent.com/QVEqmn2A1gE4AZrywKP08E4Z3gT9jKiJ6MHWVPn47Yfkd6rNoRiV1-LM0lIavD74yg', 'https://play-lh.googleusercontent.com/D9kP-CSJdw2F9RnINvkTadKHLAb2niQM6FEISNVjk0eSbIzrfW8R-dGOUE4FEzqAO2Y9']",https://www.youtube.com/embed/iUpRspax9jM?ps=play&vq=large&rel=0&autohide=1&showinfo=0,https://play-lh.googleusercontent.com/IQUUrSu4QdcSvfomFUJ2E9t7Ggv4aXfUgMqhGfeq1Gtl9KwGhcOWku4luE_YeTnSQmI,Everyone,,True,True,"Dec 19, 2019",1632987924,4.7,"‚ô• Thank you very much for playing Racing Cars for Kids!
‚≠êÔ∏èIdeal for improving creativity and stimulating fine motor skills. 
‚≠êÔ∏è Design your own vehicles and participate in the car race. 
‚≠êÔ∏è Select your favorite character.
‚≠êÔ∏è Simple and intuitive interface.
‚≠êÔ∏è Fun and educational!",‚ô• Thank you very much for playing Racing Cars for Kids!<br>‚≠êÔ∏èIdeal for improving creativity and stimulating fine motor skills. <br>‚≠êÔ∏è Design your own vehicles and participate in the car race. <br>‚≠êÔ∏è Select your favorite character.<br>‚≠êÔ∏è Simple and intuitive interface.<br>‚≠êÔ∏è Fun and educational!,False,"['com.razmobi.kidscarsgame', 'com.amayasoft.cars.kids.toddlers.garage.game', 'com.gokids.transport2', 'com.amayasoft.cars.kids.racing.toddlers.garage.game', 'monster.truck.kids.game']",,com.edujoy.kids.cars.racing,https://play.google.com/store/apps/details?id=com.edujoy.kids.cars.racing&hl=en&gl=us
Cupcakes cooking and baking games for kids,"Cupcakes cooking games introduces the colorful world of cooking, baking and cupcake decorating. 
Enjoy the entire cooking and baking process of cupcakes by adding the ingredients, stirring the mixture, and choosing flavours. When the cupcakes are out of the oven it‚Äôs time to get creative with a variety of toppings, candies and decorations. 
The game is designed for kindergarten and preschool children, providing an educational experience for kids to play and learn. The game is suitable for young boys and girls to be able to play on their own, without the support of adults.
Cupcakes cooking games is brought to you by Pazu Games Ltd, the publisher of popular kids games like Girls Hair Salon, Makeup Girls, Animal Doctor and others, that are trusted by millions of parents worldwide.
The game provides an opportunity for your kids to express their creativity, spark their imagination, improve their motor skills and enjoy the many accessories and props available.

Pazu games for toddlers are designed especially for boys and girls under the age of 5. It offers fun learning games for toddlers to enjoy, with educational benefits that parents like.
We invite you to try out Pazu games for kids and toddlers for free and discover a wonderful brand for kids games, with a large arsenal of educational and learning games for both boys and girls. Our games offer a variety of game mechanics adapted to the kids‚Äô age and capabilities.
Pazu games have no ads so the kids have no distractions while playing, no accidental ad clicks and no external interferences.

For more information, visit our website: https://www.pazugames.com/","Cupcakes cooking games introduces the colorful world of cooking, baking and cupcake decorating. <br>Enjoy the entire cooking and baking process of cupcakes by adding the ingredients, stirring the mixture, and choosing flavours. When the cupcakes are out of the oven it‚Äôs time to get creative with a variety of toppings, candies and decorations. <br>The game is designed for kindergarten and preschool children, providing an educational experience for kids to play and learn. The game is suitable for young boys and girls to be able to play on their own, without the support of adults.<br>Cupcakes cooking games is brought to you by Pazu Games Ltd, the publisher of popular kids games like Girls Hair Salon, Makeup Girls, Animal Doctor and others, that are trusted by millions of parents worldwide.<br>The game provides an opportunity for your kids to express their creativity, spark their imagination, improve their motor skills and enjoy the many accessories and props available.<br><br>Pazu games for toddlers are designed especially for boys and girls under the age of 5. It offers fun learning games for toddlers to enjoy, with educational benefits that parents like.<br>We invite you to try out Pazu games for kids and toddlers for free and discover a wonderful brand for kids games, with a large arsenal of educational and learning games for both boys and girls. Our games offer a variety of game mechanics adapted to the kids‚Äô age and capabilities.<br>Pazu games have no ads so the kids have no distractions while playing, no accidental ad clicks and no external interferences.<br><br>For more information, visit our website: https://www.pazugames.com/","Cooking games for kids & toddlers: Cupcakes making, preparing, cooking & baking","Cooking games for kids &amp; toddlers: Cupcakes making, preparing, cooking &amp; baking","500,000+",500000,4.22,1868,116,"[240, 13, 93, 240, 1282]",0,True,USD,False,,,,True,$5.49 - $9.99 per item,31M,4.1,4.1 and up,Pazu Games,9063928225823989275,info@pazugames.com,http://www.pazugames.com,"Horesh Ha'Alonim 12
Ramat Yishai
30095
ISRAEL",http://www.pazugames.com/privacy-policy/,9063928225823989275,Educational,GAME_EDUCATIONAL,https://play-lh.googleusercontent.com/1gNMZCZP48Pfc6oAQS8v51Erri17_XoNT54KHsB-u9uY_ED5TRd_d2i9mGO7kcdkBgg,https://play-lh.googleusercontent.com/dMMPbAlHcRJyXDgiRB6eVdZPfPoDq0Ak7aXw1Jyp9OpquWQbsGSBjChL153waJpUePE,"['https://play-lh.googleusercontent.com/RGGk1sVG9pYM2DdNN0j9Z4rOP0F-tNc9s89J6uLM3GUGRBrEkv4k1cJh4VSntRhPDus', 'https://play-lh.googleusercontent.com/asLODitEHMle2cTm6up68OwDm8BGftfzvjHDJARtNhc2_OoqvTnJYYXXYym_v-37ww', 'https://play-lh.googleusercontent.com/Zittns-RlBLCvv6ECGJrjXzSGNJfzOM5tRTCxlQLloZZ55TnsWvkneuJMpWdiYl2hw', 'https://play-lh.googleusercontent.com/aVWPhxmDqb9Nb-BaXiDYi8RZYPkzgqTVIMgCmuSAjp4q9DkE8L5Qf_yHL-ofQf3H1Ts', 'https://play-lh.googleusercontent.com/DjjpinUvYaQCqhQyoVR8kqkYrd0FLYWr_mG3w9lkyKXm0A53CDZOfhp465It53Armw', 'https://play-lh.googleusercontent.com/8xagvCTElPfo9gQlzOmU7fird-dKDX0yQWSm2br0UXfeFWDkPS1W70pm0jKic6_qWQ', 'https://play-lh.googleusercontent.com/gn5AchRL6zP1Ud-tbVcnTTRQKzJH5VQ_5kYM3jUKwtsjiJJ3-HmnFcHDtOBBrO51C70', 'https://play-lh.googleusercontent.com/0kB9qVMIuZL6Cqvcd4uS3xQWUh39ufCJXyfQCYdClD94gwgR3UFmZ5j07ZR40yXKuM0', 'https://play-lh.googleusercontent.com/hhSsMxh83OXPW9zx1k1F54p2P1nXc0_X8y4uGnzRnxszUFOLyXAkXWsd2iV47-1msuo', 'https://play-lh.googleusercontent.com/aLWTS_rjGVarcArFNYwkvb8wztf5fAMiGRyksgBI0YypSGi7JwED1riHP946-UOMAMT9', 'https://play-lh.googleusercontent.com/kb5fjwRg0FkC9lMdbdZ-w54QpxI5YCls3_pKz7hewk7DnL2vO0M8qp0u80nqgkp-sQ', 'https://play-lh.googleusercontent.com/AWHGS09HO_MYfSCkCuYFSrRbXj_OjecWaxgNUFVYgoDEbxbK-d9BC66X_pSJ3IoHtKc', 'https://play-lh.googleusercontent.com/0XnNp2zXeEUC_oRNjkzRotSSNzZM-VT4D9ubHuJcE5iDG6KYAdaNV6ERGXAInvC_jQ', 'https://play-lh.googleusercontent.com/za_NYzlKH00fKsHhDrxwxy6pJdTdbF_QtYyq4GsLWW_7K8JqOx_brrZmzmBCugtUAg']",https://www.youtube.com/embed/cwLoI5RjqX0?ps=play&vq=large&rel=0&autohide=1&showinfo=0,https://play-lh.googleusercontent.com/dMMPbAlHcRJyXDgiRB6eVdZPfPoDq0Ak7aXw1Jyp9OpquWQbsGSBjChL153waJpUePE,Everyone,,,False,"Jun 23, 2014",1607524781,3.12,Hurry and play! Special Christmas update - the cupcake maker game received a new Sweet refreshed look!,Hurry and play! Special Christmas update - the cupcake maker game received a new Sweet refreshed look!,False,"['com.pazugames.pizza', 'com.pazugames.makeupgirlsprom', 'com.pazugames.makeupgirlsunicorn', 'com.pazugames.unicorngirlshairsalon', 'co.touchapps.makeup_girls.lite']",,co.pazugames.com.cupcakeshop,https://play.google.com/store/apps/details?id=co.pazugames.com.cupcakeshop&hl=en&gl=us
